values in mg/l, disk IDs are column headers
timestep in minutes:,5
cal factors file:,C:/Users/rodk069/Desktop/Kaizad data/KFP_12_07_2022/120722_EC_calfactors.txt
raw data file:,C:/Users/rodk069/Desktop/Kaizad data/KFP_12_07_2022/kfp120722_IN_for_python.csv
4093, 4091, 4016, 4059, 4139, 4147, 4136, 4132, 4101, 4069, 4033, 4048, 4019, 4085, 4110, 4051, 4098, 4053, 4121, 4047, 4075, 4113, 4100
8.903818588618657,7.788639688113913,7.483604702841493,8.45258746556119,5.247706578525319,5.394320361862104,8.004508685094514,7.144066710671635,8.048207261230319,9.443358247536725,6.787949424877463,5.94274924667903,8.80907995164843,7.128738730622419,7.9673711255382385,10.378273534366835,6.939530886994422,8.743807752217066,8.978092440145753,8.08228045901066,8.942912131456136,8.383233443629544,7.889435506754821
9.040015301833195,7.963781191706613,7.557200122891249,8.39478735474528,5.2564373727278575,5.3480015380581065,7.952613144422869,6.97839960978916,7.897474702233157,9.463772336045231,6.634994028518724,6.525786202411573,8.64506242546313,6.998710236136721,7.958757628526015,10.505716587474838,6.907338629446836,8.642518783903828,8.820850273214425,8.058875572901776,8.876854337925248,8.194297140035673,8.072884354015335
8.978160193332148,7.816907937323834,7.44348040986523,8.175050821282074,5.02346071001625,5.167252866388647,7.986960241263982,6.9598704816603885,7.750125469580284,9.647345593405293,6.465363472302165,6.550724557395728,8.738897229886106,6.911099390486616,7.880691011607634,10.574646831281209,7.076650802435264,8.60599408283154,8.914133105337092,7.957205732139621,8.995964575154966,8.212065092316326,8.065115195931227
8.940903037618783,7.723133372307373,7.348682492703823,8.123646173679095,4.893855056043987,4.997460306975501,7.91802959033389,6.809631452520307,7.493399724919561,9.65022405164952,6.359639093307195,6.491768544001338,8.58468949145765,6.756073529083382,7.869407542198764,10.399535718789611,6.6639235553732075,8.48624728101629,8.771248306508312,7.949539208076142,8.944870662489015,8.222206084523169,7.976654932899645
8.965566520520754,7.56319214741313,7.352534701404471,7.975116467549472,4.8099649197702705,4.886475238874988,7.82236181693662,6.737474994028219,7.3455194272403395,9.541325429072186,6.22201655550357,6.3153736541826655,8.573406935597966,6.588014386786618,7.807359953398215,10.591078679319414,6.662068609361995,8.517903097505423,8.69740021536023,7.897288337973855,8.996211022301226,8.154649617908497,8.187620232256146
8.946015628489723,7.478324973099075,7.1514328577085156,7.928442317406718,4.660950824250237,4.7535402571391705,7.877733595054208,6.642578731682683,7.362183659277065,9.729403067953756,6.08995330199158,6.349029846865375,8.622582769262113,6.429051284106961,7.704127158682236,10.661831742028694,6.711671149865991,8.386831381590026,8.734126440748756,7.804951844993469,9.046896062054433,8.203287985770588,8.17866667674992
8.982829541342634,7.46675913012808,7.107215133815241,7.839312449171941,4.5762753946136465,4.641725410284901,7.717715141612505,6.523262662839037,7.254113896999218,9.586882521957001,6.0244325930630005,6.2692209797886935,8.431116699081647,6.326231998477204,7.745829948159772,10.57963199666709,6.3791279534565,8.28722276687917,8.607883000386574,7.883073614085972,8.885840507030997,8.10412697498223,7.958218769843112
8.999661731167574,7.4030537612931715,7.140211662056593,7.786797752932073,4.444865706973396,4.514523753581662,7.664226735064047,6.515518134506355,7.033974953671566,9.649962329773853,5.894876246253019,6.148729138485556,8.552113528582767,6.22351044974484,7.642110913205735,10.763292147139895,6.362581492450351,8.38440156431113,8.607883000386574,7.71009753225319,9.09491320914982,7.817802477937601,8.119668606998433
8.96649870684483,7.276203725423265,7.0690105683677915,7.824001165554951,4.349969757417448,4.425431295773855,7.712762883617526,6.417605048807366,6.8247876209127964,9.862181511662408,5.834024914945141,6.1828683994708875,8.354049404194011,6.008209433764803,7.596799839112869,10.721503529613052,6.371411254620323,8.22789510119922,8.764318506297949,7.808605300469405,9.044664019717198,7.982552081486158,7.985786288699253
8.88580217878471,7.200341536036187,6.9327776598201805,7.6919174715665175,4.287891730898384,4.314145927828007,7.5744033980556855,6.286102379661806,6.913872478913419,9.757743542479655,5.735518359072985,6.076650596183137,8.323868078565425,5.895247918307074,7.5585914840039505,10.629336458836805,6.072723293857736,8.182045026630021,8.619671483470153,7.6740057830124675,9.013728504914551,7.814823816364701,7.754157553452988
9.056496389975173,7.174578371658221,6.917385342975415,7.783254297826807,4.137761396862176,4.228287675705724,7.527438443334478,6.23142906162943,6.8763707533349905,9.985747351898803,5.660007921047823,5.967839103538498,8.23029491553774,5.852030764054543,7.464036856122181,10.504552691204351,5.9758148396342845,8.231453761300465,8.647623593884703,7.6726868215093775,9.191323164748475,7.725010737418198,7.848346945441032
8.829704819474593,7.077682522766946,6.913949474201709,7.812276732861488,4.059061604149512,4.135430177185122,7.44609129253388,6.163638376054852,6.774301436917921,9.939184747902816,5.572350730425348,5.984828206229212,8.31462399511185,5.768794452311305,7.416104972872344,10.722694904384527,6.09383357803986,8.13885685550145,8.57893747836042,7.635676249426336,9.184253644547775,7.641961650957427,7.778551494189082
9.025211117680648,7.010123882475116,6.79140610354983,7.75517473824546,3.974811705402708,4.071383451175074,7.500722685153269,6.103521199196713,6.587687196439089,9.960390070348769,5.497474542434039,5.849187170122798,8.11916034443275,5.663204578712058,7.377729604705878,10.61460329135427,5.726237877096638,8.079246844525567,8.53705831957687,7.680227329308355,9.237174301599628,7.516618723642962,7.670704536804586
8.855405339071536,6.932176435038865,6.7105817955322316,7.784504736829183,3.8706269076589215,3.980773636281407,7.392664487252013,6.037362866574077,6.406475569620068,10.233687061447208,5.411093896754205,5.752821360578997,8.09404848123574,5.586486740134884,7.315690601615765,10.531067638912052,5.811524043886826,8.166285416115793,8.568109327609928,7.609874574775819,9.365474348501126,7.615879942531942,7.714814337066769
8.995918192682897,6.922512034282696,6.729553147408875,7.74003497136147,3.787664520713502,3.942893432622423,7.298623021516241,5.891515040740449,6.486637427306625,10.020780023951675,5.337018295335902,5.785143660222317,8.084165286673082,5.484232153467861,7.2251714222429655,10.75043721684377,5.828912255860352,8.052417296239303,8.437952756267139,7.5728470563911605,9.269758915725431,7.450778772944473,7.862017836008407
8.917473454482899,6.848210940736619,6.662517012251468,7.8271447628774355,3.6882112173156383,3.863573984610496,7.3025299708528655,5.90218558177684,6.4467308565521435,10.237631092030274,5.274934283237588,5.643025062376756,7.944464861592187,5.4244489963394225,7.210527590159404,10.621377650297724,5.502840144126498,7.984690113181948,8.588875928077695,7.664966814125991,9.417268751163027,7.5652464658922,7.68424850444566
8.966032600126479,6.677632759423459,6.517818011682581,7.801197312765345,3.6059971384946468,3.8068801947699145,7.241405033774226,5.758978000186275,6.377891283398698,10.203887298842794,5.18367936705159,5.558920840163414,7.896167045320833,5.333917316173887,7.086645276532606,10.597542012614337,5.554856706349708,8.117837142380088,8.483114301057093,7.531050364433584,9.434694385123164,7.389175048356196,7.464899491331454
8.822605943544758,6.716390675872061,6.573600128861885,7.864971263018639,3.554895053891875,3.775295289328804,7.102792756006323,5.7044658211025325,6.200167773960648,10.180070347607815,5.12607662645895,5.610353714309828,7.942662027238801,5.221356363673234,7.037485903296028,10.829037308782695,5.587984956915853,8.036741763721158,8.476870131180737,7.624071548876119,9.299659671896855,7.345972257625855,7.609078867169861
8.97652656364112,6.691130201824259,6.53863836607539,7.820230592251306,3.4737257797743153,3.6846827675120712,7.083515458833068,5.69505904208967,6.055999016287138,10.337715572879567,5.088670075738521,5.452908076765707,7.71396703252365,5.122677282852742,7.004085456278425,10.668344419846099,5.347263767603371,7.934193431239136,8.48155280763688,7.51411277859739,9.447201529187721,7.198206976297635,7.505245706913394
8.89803966647025,6.651248206424815,6.36207098125427,7.730717569649193,3.4059379863560224,3.6286553454227257,7.113989379206169,5.570990374878047,6.1489880312272,10.204729180834164,4.973356054239937,5.367504994278867,7.769645351528487,5.050003530231815,6.9724152095678065,10.724780175477466,5.333459499322794,8.111544597630258,8.404301563971323,7.568395656931504,9.41441141067005,7.090240416613964,7.169703321187717
8.961605938210182,6.452364911467304,6.394764286221262,7.723478768740056,3.3393615539755688,3.6018319469366915,6.99331105269945,5.582380865575787,6.089023959590884,10.400431455317143,4.954151503157384,5.385874145432704,7.730581856295941,4.901532684305307,6.827470969510552,10.864955592565316,5.3672952654236985,7.980809031957162,8.527407163733876,7.499603899997303,9.422986462981678,7.159511353317747,7.208225749629855
8.843692121589967,6.486808253636581,6.378063539227845,7.798691045189609,3.2604957729213297,3.547492056779208,6.909268267570168,5.412968635262562,5.990235790171077,10.267555465940946,4.896550233349036,5.282099001636154,7.5665600355285365,4.837488437731953,6.804430099113005,10.836270307198152,5.048408989811462,7.948255739845675,8.38334059756506,7.522023735388612,9.560641571143039,6.917163327534746,7.2400200211963215
8.800662510246518,6.463537002795579,6.213376994804106,7.77450709115344,3.208495451589932,3.5255861218110667,6.920129152223792,5.448658058819608,5.870135441679859,10.410787118581572,4.809238216672346,5.18291835506524,7.483608508599835,4.767468588318311,6.729023461198126,10.516489579497534,5.058444989680571,7.917676089589957,8.445943341875092,7.488606252495708,9.513708196161286,6.986853106150421,6.993210918399096
8.827414166210225,6.405418338205067,6.222326539834942,7.7807540486222235,3.165928722014314,3.470970935140663,6.783466590313203,5.331945914737001,5.790513989323779,10.540470084502605,4.750627496572948,5.247271552280775,7.482974146176314,4.740452151634063,6.618861004387493,10.713465717741647,5.061115992753787,7.935779550548917,8.426646261671033,7.475982106622498,9.596418086925107,6.908435376344449,6.941461364597105
8.787890154239658,6.2492002712736845,6.231125482712004,7.821906167878137,3.07254493794201,3.3951679357392286,6.656953129559453,5.22468452134049,5.822420752466064,10.393247723993957,4.695381346998633,5.0583410391405375,7.4608070367719534,4.65656399323159,6.615213959577241,10.88554197684257,5.036492186477161,7.908192451463583,8.334131754509402,7.490437891941108,9.653185674294505,6.876041751854753,7.063605008824095
8.760135766984568,6.3134434876750305,6.107264405572328,7.811439976707272,3.014552466971342,3.3792079743795598,6.656112699099991,5.2479993351611745,5.7447196509740195,10.571230949641347,4.6381134806026765,5.062708693910057,7.322623576396764,4.6229169484192445,6.57193124572239,10.743270035382437,5.053869261254592,7.8428725922800115,8.394365892733486,7.459917567328242,9.488245636926834,6.779652888605292,6.979469723133294
8.769679576205302,6.231238881555799,6.070266850498543,7.781170698613762,2.963175483633863,3.2968397740111244,6.665700381348425,5.130820303734694,5.694250957718761,10.363144786639724,4.596812904511365,4.937947540981274,7.234706167197201,4.508261652211851,6.420983269234473,10.586967989795054,4.772519503888057,7.882073198995237,8.315318813523653,7.539905006728188,9.665497137107462,6.754785622833773,6.73493356714601
8.754233459823599,6.186697182737341,6.087463132916765,7.9329054161605015,2.911998997124778,3.261227950297151,6.50093442283161,5.059111760169701,5.535639039890084,10.570350476902691,4.494166735242376,4.859895471099551,7.166250864885748,4.466666061578459,6.388216429944845,10.663903464281857,4.830872215312724,7.908192451463583,8.462170739986007,7.432445438526829,9.690981555722335,6.7338061143232375,6.774448845601294
8.715975560570596,6.027828217517104,5.993768576835935,7.899602332373964,2.849987341497033,3.24250085406685,6.457984515794909,5.056592407298126,5.417886050501574,10.57269861256963,4.459438264766697,4.926583753570742,7.146469612729824,4.400429797549288,6.338889147264081,10.699787567141358,4.842695411144131,7.925816245583379,8.427532474132548,7.516871314855159,9.640358599104072,6.530388888647515,6.829554007534369
8.695226489286277,6.049083990124364,5.905313255072159,7.841202312620969,2.780165265936321,3.17727700398791,6.487837767187258,4.951730863655242,5.536169377709242,10.479870895801696,4.409362847384399,4.751203996771131,7.179199666932355,4.332790294434218,6.283928993032248,10.91376980497981,4.7243524036728255,7.887468330373501,8.364851998795656,7.413954401391435,9.738944903162135,6.519909594093634,6.536316856553616
8.746521700589065,6.042816044671919,5.935127540048927,7.859285097894555,2.714782269852102,3.137838539128048,6.3476836486936055,4.919349732467971,5.446756177707673,10.781075818288473,4.363381580360206,4.742125373636192,6.969365732810526,4.2355328929633105,6.162496754492445,10.685832721517766,4.652352646675305,7.846893419924819,8.375411714672854,7.508782946471785,9.703080753834993,6.4484253234306985,6.4458330607383045
8.75400653596596,6.0130358938555055,5.883508141376179,7.777421686574987,2.668032014030533,3.099807557555556,6.285208675319378,4.799003730531839,5.396400276376697,10.498178433867238,4.3047382863634756,4.678311963557841,6.897643218424016,4.178228972526325,6.2258247404677,10.835968821216058,4.51718075394843,7.833500640824967,8.305928854368135,7.439166162520845,9.77062405494383,6.255845208331183,6.489409253786743
8.708301061751088,5.950914958038124,5.762421476093856,7.770553390879093,2.625754695481106,3.0610758299411858,6.222751565548902,4.837239506554435,5.245254491277165,10.633393606947987,4.236372078176424,4.593252797910874,6.92023179765729,4.1039476098836305,6.116974982536305,10.658577108442364,4.533349349180019,7.831940005652779,8.427754042435906,7.472692915367617,9.91483738504381,6.401337793910892,6.450345132473849
8.67206121748803,5.850549669673327,5.804961774288759,7.756835765006414,2.5475229147980274,3.0013871840585913,6.2340304834305735,4.726363244473018,5.220209816091591,10.563310068571901,4.180612346869422,4.543392221724188,6.900754444293571,4.026658917986067,5.99751781404383,10.702462151978324,4.533808792107862,7.853376826308706,8.2645695418287,7.452264517059311,9.740025945639182,6.208550324509192,6.221614871534956
8.779007265989813,5.758080194723903,5.771967702427627,7.804540311939623,2.5064352414681084,2.9773207843152694,6.055174761091917,4.627478980388274,5.239358210209241,10.647600175709966,4.12835409174633,4.511878226273406,6.738930670155298,3.934339635468418,5.972654734393573,10.689690486327518,4.3812050455121,7.77027208121214,8.361115418602962,7.420836990384282,9.87600672762398,6.2839964361362055,6.293556247881458
8.652995490243288,5.771714737687454,5.642165609500203,7.777213463392407,2.4671691078070968,2.9226134698617097,5.995234186776446,4.667513753849621,5.148252698084168,10.61153934980015,4.080383485833887,4.409984434704693,6.6918080912103495,3.8294407278670883,5.873409878832889,10.591372369641899,4.33551674695844,7.794600607258626,8.33588403813373,7.426275835547743,9.780124385598594,6.159317293953907,6.314980847365066
8.654339790206816,5.688890597264689,5.665672361651804,7.78179571725372,2.406530658758227,2.903177769990592,5.971938541905073,4.564584808683391,5.099201639449776,10.571230949641347,4.019960469441079,4.445152212135179,6.698789399128965,3.7792356763355186,5.838260207290624,10.614897726109131,4.358973508271435,7.921518748266795,8.267392590334504,7.4224681597836515,9.846112464893324,6.141901074844869,6.158284181466064
8.668468840420797,5.678704014547612,5.603825778774339,7.816252604566141,2.356194074031736,2.8565209629694337,5.957107840091934,4.496885017180447,4.948505979246776,10.70288106517882,3.952706070761044,4.348516469193035,6.5230941791179715,3.7193339040581765,5.834432003413759,10.661535819286689,4.207178215971167,7.8192463789767155,8.362873593177818,7.434805972455993,9.912353415289743,6.0808504307859925,6.027314170886205
8.655012026453818,5.628459426236463,5.497908892001672,7.8091393803378955,2.3118597397074248,2.8090541528589505,5.822674510294614,4.450532206058564,5.053756417188431,10.572111516140408,3.9016787977187164,4.265514649002698,6.477647970333957,3.676487654210473,5.794373860548866,10.620199146411656,4.1570073429301235,7.8495753991839035,8.251119465300771,7.375691941555907,9.780395984133895,5.898986434426129,6.121754184565651
8.667571002499667,5.560383839112853,5.566310869855397,7.78867438141923,2.2768975490350947,2.7779018818411267,5.795547516612279,4.359458908231169,4.954197811151949,10.748930410639057,3.845999356437471,4.286725081943109,6.489163253550931,3.6137191001445417,5.607299361572108,10.74834622224331,4.1652088362625435,7.713360615963647,8.35738057265356,7.479821620496647,9.900771338273092,5.9974670988488095,5.980759510577335
8.561676696735283,5.538402441786928,5.4779276107903625,7.828402571838343,2.2231480934691215,2.7407005606059243,5.749463448073105,4.394592181419566,4.933713308973997,10.652933909953031,3.802216173859058,4.213120507572807,6.4336003456150035,3.5574613523948715,5.6227974267615854,10.712275518297856,4.05580391130256,7.815243187455775,8.309421508734316,7.363826620345901,9.838724065258516,5.846136906830709,5.7560618531995456
8.696352753492734,5.505789990530401,5.346662544142117,7.760989953892102,2.181346706872398,2.7047050658017353,5.7114844312692234,4.277654310333927,4.825800789542016,10.716012111304542,3.7202206651196255,4.1248898088643084,6.372747855701941,3.491146006559453,5.531641459053068,10.85045105312758,3.9294190903867623,7.88229790411752,8.265872363497623,7.455178890996713,9.873808992578063,5.762276388068766,5.744799139402559
8.586961063433353,5.387666053654789,5.444771058543547,7.894312877884493,2.181346706872398,2.66586335698218,5.568759708382224,4.223423286765284,4.76200899014003,10.713324532824856,3.6699048847815536,4.095312392050535,6.337613645541846,3.4091621590444015,5.427984856277712,10.66271956662094,4.013370783866472,7.776234881542376,8.285222500528967,7.377131660792747,9.936396178712519,5.70012295659672,5.7157586239391245
8.522801255336544,5.314489088662197,5.332675946139211,7.861811750004113,2.1368875078596643,2.6342193953837434,5.527523349234706,4.195975598431564,4.77813875406095,10.59474485717659,3.625041767138779,4.023749674522112,6.1924666369178665,3.3835764895333753,5.392350847606543,10.859816013718468,3.8057316227675244,7.700686831722613,8.191088071715019,7.428452665281192,9.831068964766361,5.511816340455877,5.549355644598857
8.63643468278465,5.236508694258117,5.276354975406254,7.863286023734234,2.095468968532802,2.5949639233463517,5.5587014209501175,4.16557417890239,4.7022928893968885,10.713324532824856,3.5586677334529,3.9699783420367423,6.076723691481993,3.2827080850694443,5.445809974114849,10.6994904383122,3.821771512733062,7.810353861127964,8.32712644001619,7.365443321362531,9.968561310223201,5.6549220230753,5.477192915805022
8.535591086601604,5.291504033648491,5.309577807751783,7.832596796368175,2.053278005571533,2.5497201755003953,5.441435988619754,4.071046169221569,4.676966297025186,10.644342356429084,3.5188646991289927,4.007141713414331,6.0225191812577235,3.236169303797477,5.392488035939879,10.769277197694567,3.8392601730508624,7.7899487674790935,8.236826471953256,7.397141287356773,9.957455890540535,5.504010552119361,5.522794086844519
8.533825723808896,5.276568427136811,5.1994097934997505,7.772634024301227,2.0348137492694574,2.5242370253113138,5.337038270056571,3.9830592277560632,4.5456824101367665,10.719298105809708,3.4611385242033648,3.895140352914,5.965395097948695,3.1396462440582233,5.244741853060989,10.617253539824336,3.7292667257134107,7.75461919634538,8.233365352529802,7.357902216807435,9.89774059679532,5.478898331428405,5.573839778610917
8.514433079553239,5.177879707663406,5.146382064925956,7.753098975869825,1.9633272710391743,2.485825106196483,5.316285880592015,4.015432553882769,4.68899437548443,10.614194225906823,3.4112328605713587,3.831362079649755,5.95561516442753,3.11194404945052,5.246885009462431,10.816693790407413,3.5774008683739047,7.725621892273227,8.233149082378088,7.370116091269186,9.985247142350682,5.4337988976048335,5.383583332965031
8.532722575014606,5.1746778595411165,5.175859569530757,7.771593634976826,1.9264725387027082,2.443914320529384,5.305605438035338,3.934384219806132,4.568803524985941,10.694833606748876,3.34090901967595,3.802058164627584,5.921000843902597,3.0512199655768097,5.102585160755933,10.491759497347509,3.598142162329156,7.8012520858279375,8.134282186636,7.354314343788102,9.891407154887153,5.3783916508459635,5.3267720120292505
8.496625616706416,5.1242322132858105,5.074880419772866,7.827983278684362,1.8952195260846614,2.4125325457446523,5.146290701050159,3.8311797392781957,4.5306194596970215,10.793124564037443,3.303546284840589,3.796436096066893,5.865111627404841,2.9924557854265887,5.088473332790829,10.78005992503927,3.5969139134826773,7.785300378192658,8.277824790796227,7.401114599738748,9.980237897425905,5.366024575179968,5.3243870021481206
8.39518038549093,5.08477873251574,5.07433999963738,7.8221156412353245,1.8623815150542902,2.369235560426806,5.0989541118148844,3.8207468558493916,4.521255854776962,10.662721322283197,3.2541584704311926,3.697170066089071,5.824548638296381,2.9322650221116406,5.208023764434773,10.605186299257298,3.4636123061114095,7.740762769126445,8.240722025396307,7.3570050594145595,9.967450104099328,5.165667234148864,5.246336499316728
8.4834611364456,5.028736209278961,5.097487477886449,7.8554967158913325,1.8314657162496542,2.353879126957755,5.071669618736996,3.749486622873359,4.5681445420941635,10.782882025655386,3.1736666291171436,3.652111898139268,5.656995358467652,2.858496791725681,5.127360666262353,10.768678520665867,3.4453041393158506,7.701560057815067,8.241804460878189,7.365263667701475,9.817416696436316,5.18691255748433,4.98531090266101
8.469881227700858,4.986304255043837,4.946856267319317,7.893678393480405,1.7571492319810202,2.318784748918837,5.035376871881389,3.706711074674579,4.390543892444477,10.672520268954015,3.1446253727653937,3.6513604531513972,5.614884981666866,2.7856646329772037,5.044262276592696,10.742076038300802,3.4525269481521494,7.839523863816189,8.212198688547067,7.333186881990464,9.950799716003171,5.11929476863305,4.975107274232698
8.41080137221833,4.942455291132202,4.970033729299312,7.872348640576912,1.7465346436776055,2.274187814999561,4.897808388104345,3.5959415744998022,4.418257799841025,10.818181101450602,3.090685750450451,3.5772584525577855,5.575913114281484,2.7328693794264467,4.953871922720486,10.649411069646087,3.369576470076253,7.708331717484727,8.137273110251392,7.348577940529161,9.901046914932468,4.968551823447456,5.0056375290011115
8.481926731665475,4.91622869597949,4.965523435700965,7.870450907524132,1.6910547557752462,2.250917856305373,4.837546219771672,3.619084638974773,4.264010966637097,10.724976964480046,3.0427142083436802,3.507280313294066,5.486187824281168,2.6510139745510366,4.926499179335406,10.361929411507022,3.2802153400898564,7.697631505171284,8.251336222567096,7.29469358098711,9.959953323744564,5.018924882011704,4.835617580891142
8.411018552713559,4.85354069403404,4.8425874666242406,7.908497003690601,1.6456576783602563,2.227347861566344,4.838646904555984,3.5509809308697573,4.49467867519864,10.846649009409798,2.9650380871773736,3.4974606371678925,5.442433959273485,2.579735996190272,4.793365611228332,10.221489896750585,3.2408694104959954,7.63122356047747,8.125529534716332,7.309635523509278,10.040827642763922,4.911358481401465,4.742088641173757
8.545528705172968,4.8116650181995,4.86404673702219,7.936733035194849,1.6389678946215431,2.1876931006027704,4.701626553508425,3.5078139497339142,4.305019789104493,10.87277883459452,2.930949594087823,3.526972900489799,5.443209762570587,2.510883753671625,4.910135900807319,10.286892381053326,3.160310083996382,7.764756031819969,8.208532631061832,7.282800754167236,9.857892768902891,4.849266303950753,4.796819318967157
8.492893417066254,4.7413717231625965,4.793082752665327,7.857180204830823,1.594148781203623,2.143380439569304,4.679392118400706,3.464010309763476,4.264939068306483,10.787700483813092,2.877507637643306,3.3946955658230924,5.423225579162387,2.4482942170372723,4.881702994516588,10.135290985689819,3.141253629837961,7.6691149101906335,8.169818721863223,7.302160160204285,10.009780017534633,4.816665905149665,4.783729593979064
8.43734247797555,4.638743342799539,4.738390885466759,7.844563248147074,1.5549408855520095,2.104516421917199,4.613137673319822,3.3886353629613915,4.280744600362724,10.847559149843978,2.82961989905873,3.336433748971681,5.279408321010728,2.3689604929053503,4.732703840107034,10.252292362373813,3.065856621317109,7.63381443529895,8.088703699526521,7.333186881990464,9.943317854735048,4.721442482511952,4.660690789486941
8.522360600837555,4.614374022969023,4.761382177038662,7.9046837131337035,1.5116874607118913,2.1039473533213897,4.609741762761795,3.3872289999342082,4.2112034289283375,10.743834552827972,2.757867112384243,3.3273239454140593,5.1972104356867925,2.2988098597269566,4.7024240541267845,10.036074131859385,3.0278172812319157,7.721897168375035,8.150532194130133,7.259435155455634,9.928650711277715,4.721442482511952,4.5868584147841
8.374833735589199,4.548954088522543,4.663423769709111,7.915493061715706,1.465729411948461,2.0770603997382775,4.486558607703872,3.276245261423511,4.290584995187901,10.943061642716481,2.7162135757319135,3.369663459631702,5.22528279602791,2.263336376998716,4.598450871929844,10.497572389814037,2.972779131363939,7.642674782370672,8.064530305301858,7.323363221961846,10.036625298909907,4.749998669188491,4.620913812711522
8.419275932503364,4.521891159438231,4.686997464692514,7.945671714264941,1.4200487935141988,2.028939418744895,4.43301310705213,3.272134228806167,4.167054434794908,10.76754166964362,2.6820074590079606,3.2352802002256547,5.185007299552216,2.2225784182526143,4.641486101227293,10.23956312284744,2.9511900505782873,7.5777066081995095,8.15417162049183,7.219805159423418,9.819326660779364,4.600983785624469,4.53664073850414
8.301256462841451,4.4708500400053754,4.584720388588061,7.950571200188936,1.3974992361593124,2.015864683976037,4.364495349100354,3.2197633523047045,4.226830454358339,10.921609196915798,2.629776255467232,3.1930033976574306,5.130842297535127,2.1696935671424837,4.662213477404726,10.51678091569097,2.885549702369928,7.699158980888534,8.152244657628362,7.32443415765817,10.025988767252855,4.640832644443855,4.303982919671403
8.314328447324016,4.4048040283762,4.60012459730023,7.977468462431536,1.3612310610395728,1.9854782747258706,4.379243566996772,3.1920650262578585,4.388426786231141,10.976882959850844,2.570557955041968,3.1743979355976006,5.029329953287003,2.1056563347704866,4.670476566206769,10.22939251986991,2.8579334103162592,7.640512552643132,8.065588992938277,7.24038175640495,9.947750741058286,4.52697937879429,4.3283278376495815
8.429936627184343,4.412310118090865,4.518126168688198,7.9480145494829,1.3419634923577637,1.9512683732781095,4.264311271761232,3.112222622005966,4.294423081026521,10.863046626784644,2.528038587503288,3.204949277380019,4.942507996456282,2.063013535532064,4.690087626287156,10.309652287713604,2.763818981234161,7.565307212700896,8.193885243348008,7.299314714149161,9.998619802059315,4.393433225084565,4.2790383690832465
8.41710208330937,4.3668919784905516,4.550091285705364,8.044917416745186,1.2998228901545676,1.916342813629719,4.170282717428835,3.0424914767772435,4.111621682655074,11.109776018292248,2.4881341143137417,3.103339623987219,4.869061473260048,2.0040441907978357,4.511321072959418,10.04049756018669,2.6884570391824743,7.612902536482079,8.048455704777583,7.275002648230021,10.090292744478585,4.391873937513322,4.126176008200688
8.266861521597816,4.30777132312163,4.478912185081168,8.078868206876505,1.2651730709817726,1.896232542449703,4.125737411999378,3.035226566428294,4.227751302012745,10.89929526310919,2.4173732967000463,3.0210961549153534,4.793749942270944,1.933198639422149,4.406999043763212,9.989483917022108,2.632998640877827,7.686949666827223,8.090402856329115,7.259081792997174,9.953295159996657,4.252391680925093,4.14390985036628
8.281796898807597,4.312740673029887,4.425364792677652,8.056577647089822,1.232264232704307,1.8675364409611896,4.1381951574518165,2.962067170409549,4.242611934143312,11.05114658504364,2.3678710538091106,3.000902692994691,4.806280433287666,1.8689086431460877,4.45798385178663,10.315351127822913,2.656110038791278,7.600217453586909,8.07130835906202,7.253960252177994,10.098189069998645,4.348761196146099,4.109295856889031
8.267927369767747,4.23520931921846,4.4258470753528,8.065875466441696,1.1995168494481798,1.8239858172449197,3.998517702826128,2.9269697451654095,4.389379368729033,10.832100150741637,2.3270216227178886,3.0475036577069945,4.764340823221071,1.801666904400119,4.664885542865518,9.859003024579774,2.5454658422728844,7.564239467608552,8.002948090919098,7.239853313594191,9.998062181334024,4.269108049065694,3.9306991110470273
8.207198193269031,4.194298121913364,4.333774903445552,7.916341511010805,1.164935936064075,1.8004757431233835,3.9668134315077084,2.8552462427466336,4.178685816156477,11.001874366174087,2.298181950864857,2.910339141798791,4.7152914429101465,1.7627520915661303,4.701934985242093,10.34818849177856,2.5546458941493526,7.683465691034859,8.110821241477773,7.261025530556957,9.99778338489171,4.2271293510518895,3.962650413741317
8.265156472827279,4.143967729166856,4.356589696570498,7.966569927665684,1.1353770183752463,1.7651095963168129,3.9425817949680786,2.8753276389482263,4.126019265527835,11.047417946319563,2.231262006836391,2.878489136360416,4.649679790829241,1.7044753317478367,4.465371859733441,10.13082090996286,2.4969531026934035,7.597211256263803,8.035577368903423,7.247079190047425,10.038866287224467,4.162626679154319,3.8920343553463237
8.329571426824735,4.085554639132451,4.252441839815674,7.981318761352785,1.1041996727888488,1.7726872036354862,3.8924530633882912,2.7948457515250498,4.185982737995278,10.865782673054833,2.1971409358106087,2.8890838971694452,4.630047906270241,1.6405285555794074,4.364186215373719,10.367374218393428,2.4642816671814924,7.516381920250444,8.021245943568976,7.27199231005744,9.86200611180382,4.0463455336463054,3.7014907529797116
8.300828249550873,4.063591963399431,4.288898142572478,7.918250871777353,1.06875856563382,1.7422037090357763,3.762667119668562,2.7040015502527486,4.213957386095631,10.991992413755606,2.1338442455504105,2.8558858672349974,4.498192001009321,1.5972177890818833,4.325471876295544,9.617872938826157,2.31096600687209,7.573855847425818,8.067494988310221,7.195446318876086,10.05681575178206,4.061829397061627,3.6792469528018317
8.428195102660991,4.041707112450261,4.241703835532839,8.079301680808411,1.046641429543527,1.7144775135541894,3.718291470452944,2.7325860027764857,4.461687061440579,10.947972713255695,2.0930166173505578,2.7644614098910534,4.458062213643965,1.523249456637849,4.2879314156314114,10.198104509177023,2.364945660764869,7.595923334173624,8.005679551248683,7.236683583912641,10.024030875850418,3.8883533265943253,3.7010682042937275
8.281796898807597,3.992355120140923,4.170116759897876,8.02487781846062,1.0067296943164097,1.687828973660921,3.698983224326635,2.670548687247252,4.098960531089127,11.057364615872851,2.0471552399186597,2.7209782917399203,4.405215708169491,1.4749947479030439,4.71969001313825,9.738687040409609,2.294617281369963,7.507489701942675,8.12254303545434,7.193347804011473,10.074522272273962,3.9569714209039297,3.655524606235743
8.36489637561387,3.9715663138340656,4.170692169754465,8.080385473728711,1.003750646596955,1.657282784344979,3.667461205540452,2.6413744787876263,4.438105562357686,10.972878847139448,1.9966456422821435,2.7409106867731037,4.356983785935737,1.407955926169188,4.477824104535515,10.127190597259677,2.2291477804766724,7.579632891610093,8.071732180548393,7.2085778908843405,10.117396717755463,3.8592518523531374,3.5303968242765262
8.393663360907304,3.9161930291086415,4.092426653908842,8.073885031673912,0.9601264779300901,1.6078300242100885,3.5548600634051226,2.566803516092057,4.563753586499221,11.037482892890711,1.9524124935219367,2.6645855125757523,4.316703300642631,1.3557155735061963,4.51155766373937,9.637409531165792,2.208178536634332,7.647217923336865,7.983225709077462,7.154650959971957,9.96439504858631,3.837404543904609,3.5648746999259235
8.238351909649719,3.860132801313861,4.098441828056767,8.1094887624787,0.9332371292073867,1.5876686964445745,3.4952337094756265,2.5175195983292755,4.450739536418216,11.040275953755396,1.9117333153705556,2.59967169831208,4.229836481808233,1.299599940699106,4.586932860696822,10.383440888695164,2.1927963676514213,7.5882014433438245,8.039164300260296,7.244963444769745,10.098189069998645,3.793682068866428,3.5223232077365503
8.308539743517755,3.8685505055372595,4.083699605275359,8.120376745014129,0.9046821130890373,1.5484850090240443,3.490764729400733,2.4980665175739007,4.229388807298661,10.991066570779637,1.8664694737880825,2.580378187324308,4.167410759643212,1.2336176400754295,4.381735045878133,9.57210580148103,2.100320343767946,7.557196993254489,7.986369581967421,7.197545532896076,9.966894556414953,3.721220864709402,3.3471056095511313
8.29975782077106,3.8479419032827753,3.9757395747723083,8.11667308608807,0.8722786161895417,1.530188542650837,3.3059233091320372,2.436764534498411,4.344810973863771,11.112592880558104,1.8120559109931254,2.5957192262587796,4.1361542052527875,1.1659877989718745,4.232256200063462,10.306519438494247,2.0866133863103995,7.622810703100921,8.040430665678995,7.221034354497518,10.031305348037092,3.7068790092663813,3.307665631512849
8.364680488163955,3.8353034556226016,4.022109092728445,8.10992398332591,0.8469377722741388,1.5235531186839413,3.252801804677562,2.429605985613744,4.301900663831969,10.868215461111777,1.764758414794422,2.5356774243125373,4.075031104765469,1.1116667924374508,4.455991901182344,9.700006174811895,2.0368815001054448,7.555917409155758,8.035155484236943,7.180073423303056,10.126450769369647,3.5885599306912486,3.26872094276668
8.21862765972512,3.8157481556094526,3.96974996506834,8.010043891473956,0.8204353085225443,1.4837855027860172,3.254656671604485,2.379343407368434,4.67517021210401,11.06016421242067,1.727328409709438,2.494041558494601,4.025727933953478,1.0382334946622174,4.521858829183762,10.26957597411005,1.9811363100404837,7.486158748638086,7.91437727166368,7.2275355064144735,9.929756766462972,3.5855016074109267,3.256095956572799
8.210371329330545,3.7786962143435234,3.8900916718531633,8.011977104756223,0.7914194433921152,1.4505910260504673,3.1567898051948617,2.351493441422498,4.481606164188864,10.912431944784759,1.6566025079004032,2.4663352641623164,4.013139773698638,0.98540953278448,4.6872819929108696,9.51431829124411,1.9373179988401346,7.6370545548379996,8.072579891718119,7.184436907676601,10.11852794301759,3.4801836913735054,3.0702077133783154
8.281369769789395,3.7240050073198616,3.8993818937694638,8.048586298736591,0.7644761800482925,1.4318093668991165,3.089374103117544,2.2927864289361364,4.477723601914951,11.019814789235774,1.6402039450386485,2.44661562005277,3.9833604746938125,0.9293981537645281,4.493840430428935,10.240128489435547,1.8791020972948858,7.536330402575779,7.9811304923627695,7.184611509983505,10.027387540899108,3.3730799641866516,3.1016270510807513
8.147158195851242,3.6895845277848167,3.869384302256297,8.03499873901252,0.7315212986356924,1.3989853850400118,3.0372514591214164,2.221659372042867,4.576058190348009,10.957803417043378,1.5887222664270377,2.377667857033042,3.94860661986219,0.8913728540750159,4.406882896563422,9.603643826746707,1.8568239508422177,7.48636958210578,7.965852318191595,7.146141765660366,10.018998395314712,3.4073968447917595,3.131729362306923
8.17553921658495,3.64826491766048,3.7958280372812996,8.092968766716513,0.6986597079741347,1.3653750513627354,3.0231431512127815,2.250365151896456,4.604078148560748,10.99230105054685,1.549597433966704,2.361314207243561,3.8952399620721714,0.8292804461513491,4.347151367647683,10.126073870708895,1.7407545803435764,7.5909887888279135,7.97484819277847,7.179898946836523,10.063556697608316,3.359851142433762,3.0418652662409387
8.193674283802595,3.632501217650686,3.805060320103016,8.024232260812964,0.6758402791326418,1.3425695635143111,2.9650104227886533,2.1680877948328257,4.662727777977685,11.03220961349792,1.5076724791650005,2.3864122518711817,3.8488472151701596,0.7888166973636075,4.4428858378799765,9.702668398670665,1.7829558935911893,7.551014801979526,7.878524452833529,7.162649688785048,9.880403941056395,3.318945190446419,2.9144698503863125
8.176381751796765,3.590327690115697,3.7805127016070097,8.096226455217355,0.6382488014750156,1.307591263214266,2.881924856003628,2.1023733929783526,4.415702731440958,10.931102847102364,1.4517601228154597,2.304960310072152,3.789392967787134,0.7359375612566674,4.628191782649333,10.248896159910826,1.6957210979141861,7.434304576648743,8.03979745755117,7.135738032702855,10.070021845545732,3.2888123596027254,2.909579128968992
8.11407589874508,3.555429125202364,3.691026349374316,8.115366341732859,0.6143999315710509,1.2881448482454392,2.8086241390522675,2.093965732109049,4.705792482346139,11.13076830837997,1.4020463888653318,2.2563768492696017,3.740699619089163,0.6908327194205984,4.5723285121049315,9.689631155721363,1.705324083195379,7.591417723051505,7.923106280667224,7.189327603483136,9.94497991132406,3.20540103600418,2.887901103287524
8.177856412678763,3.5207350149907155,3.714203993881901,8.122992175825779,0.5968820511230835,1.257607476988329,2.803521557100907,2.0291850475310214,5.029377031856151,10.888617700907025,1.3317490071454108,2.213797017286314,3.694503067899615,0.6437330175422786,4.501274989637232,10.200074450579596,1.6187045766416759,7.48384006016422,7.897777486871746,7.140937742550355,9.989145295567086,3.197330416480928,2.6991702361020358
8.166067112511788,3.469128775608142,3.6885041443914575,8.100572208981601,0.5627025876032381,1.2154775016038601,2.7477938193932827,2.032340510301685,4.926510083087108,10.865782673054833,1.2680090404338338,2.2513815726092874,3.647019272246492,0.590416974192778,4.616012018525754,9.808471283518214,1.6570942672606137,7.425113503685336,7.949560490242129,7.118091210326427,10.142602393182617,3.088933156484041,2.696569829200278
8.096129505202537,3.4383588848799675,3.5950072898605185,8.13914050634218,0.5287549312300678,1.1700876495643078,2.654773546754101,1.9874761421165936,4.469322022227756,11.076046001374111,1.2435877214145385,2.174006987455001,3.600636198676198,0.5438411388188112,4.584895607996402,9.964222334300114,1.5124755089376711,7.471418447883348,7.882454012304314,7.127427455157062,9.916493776269345,2.997589728959367,2.6901614775783127
8.108019460103234,3.4007255019666363,3.6032680084177704,8.023371602814594,0.5244239252144198,1.1552101404310873,2.607276709402585,1.9170769453649306,4.797080248554214,11.01857630087162,1.1939880415877129,2.140299832378716,3.5625391567866536,0.49246803652809423,4.467132320508107,9.936571160288636,1.5582070297691482,7.4722597935223405,7.99874769507286,7.117572937870562,10.08916530200658,3.0108851292292655,2.6175838755331062
8.117837500944319,3.365076916326035,3.5991359858179135,8.150508448814811,0.4881672085673574,1.1320736201212138,2.5609928314166104,1.9200080153144614,4.961559187371147,11.04772860380715,1.1586832397853264,2.0855947210429115,3.458279803027234,0.46104620432018695,4.687038088734862,9.968610550457445,1.4702740682921065,7.413019174650246,7.875216883756467,7.1675234698576915,10.100728747132962,2.8798627993570203,2.5121180722244474
8.069704773296618,3.307042738878258,3.5004498485007063,8.18273648538018,0.47592282516425843,1.1039299038666162,2.5221438978470774,1.8545230309559282,5.496670098532487,11.007747226219891,1.12211479814396,2.066029108836978,3.4308397086722318,0.4096655288191653,4.747348344146482,9.627635816544656,1.4574076579089839,7.4510512379822975,7.904828089982285,7.07590644404064,9.956068750117003,2.861557756412952,2.5792078889754624
8.070535642794754,3.2731426448144583,3.4848764183788825,8.081252619261214,0.4373368441136447,1.0695816316750977,2.4570266570669834,1.881376077356605,5.076185925087657,10.974110680239862,1.0574144034693957,2.1014325151613984,3.375329828447662,0.39609077925578245,5.103762640586198,9.816828401367392,1.4785067472173792,7.491220758969413,7.920611284468259,7.122584702439936,10.05990468102948,2.850958311426088,2.5560939996328393
8.04813415177945,3.2461649525952105,3.4980196752634596,8.094706027122735,0.42159297003475676,1.0479865347473327,2.3655226322739265,1.7978732328017735,5.01699039432906,11.148982460595766,1.0462835629606344,2.0244071201822496,3.352592032706433,0.34255065035430066,4.903173017410068,10.29570512032606,1.4116526326607812,7.40739725272925,7.858700039087528,7.106871569039811,9.993602551550184,2.827332277352254,2.534767127678566
7.9973553370519666,3.224524308908974,3.4062287196275998,8.081252619261214,0.38077709339321125,1.0196582366155034,2.3439999087098164,1.7369506505813685,5.050370182766502,10.895938000436827,0.9982542149457653,1.9663164612987343,3.284462045171286,0.29098003800520333,4.836868262698321,9.654605866426683,1.3612664784948987,7.477731366498835,7.919987659666367,7.085695472639153,9.962173891107739,2.8074401586937565,2.3352263869155974
8.147368036889514,3.1850775840181322,3.3723445471320717,8.11101214418856,0.3620986514877365,0.9954245517968312,2.3218113513499126,1.7540298126550575,5.5797019135220856,11.101331003616304,0.9588473004777506,1.9375008298219738,3.2272078265502944,0.24217858180043153,4.642817213133287,10.383440888695164,1.340706124971955,7.450422407009258,7.849630666165982,7.111184435945964,10.03970681207232,2.7180653127398267,2.4051186545347627
8.110733817356943,3.1566157719621004,3.4029492175821883,8.11928724682885,0.33913857465480246,0.9695367736727615,2.1637778526773803,1.7024822350019495,5.600325624226328,10.899600535095695,0.9218666804853028,1.939492985999443,3.1798556650645464,0.22447774416111924,4.8818290612553525,9.703999811235134,1.3637441523581417,7.363228185815344,7.8671605527483415,7.061337234307326,9.894160233202566,2.6850300827832485,2.2672403645517583
8.093003667402709,3.1104305933761456,3.331924751190356,8.106007890220184,0.32370123739534923,0.9424739417195105,2.1343752105501697,1.6609361261903282,5.028654658950145,11.054255032580803,0.869724238428633,1.9552302268054835,3.1572695779538233,0.2023819553193964,5.415028278090004,9.881523646292763,1.2616643939432726,7.421774734115784,7.884522996176924,7.130715741473928,10.049799677175741,2.6327288393789665,2.158329138692316
8.074691359587206,3.0660654138977246,3.287361896745207,8.171101196858924,0.28270846593952415,0.9189966198950057,2.1145360964112534,1.622089695383326,5.165778039750896,11.079475370242367,0.832911191602135,1.8663454968790978,3.0851750377051834,0.1317844264920949,5.066847272855184,9.603643826746707,1.2812274552935932,7.46301136115653,7.792776250031664,7.04150933934603,9.959120763074505,2.510081915603589,2.193852763921469
8.057252672616121,3.035924995797503,3.3045742141193557,7.658440544979911,0.22860741800981924,0.8945391181510624,2.0117099241253116,1.6065863010937975,5.649251379795638,11.05612064622561,0.8028013301830556,1.8234683717777347,2.9703447424526477,0.09383136458925825,5.104547755016838,10.206268475156577,1.1889225030962005,7.419688933353508,7.915208186468101,7.103940516760006,9.95773334626165,2.5537564102582264,2.236565441406003
8.094253847778196,2.9753068276065644,3.228015996601617,8.180539793962401,0.22923884062991673,0.8832121744407258,1.9484495973241476,1.5526507374407392,5.626688057007533,10.951657888572619,0.7633956500272098,1.8201808331498395,2.9459532010140443,0.07471273323256811,4.980089333703398,9.407339851713987,1.2273746460350958,7.424487344803195,7.812843322511296,7.055861163678299,10.073396939882153,2.455603135769566,2.1620391928851417
8.04295807333465,2.947266909012953,3.2109714012759025,8.19042987088145,0.19428543756060065,0.8520887361050051,1.900199454808737,1.512243829104308,5.545325935348632,10.943675370573125,0.7167920339388488,1.8026620389200079,2.9013251385622945,0.06778278804516986,5.0511326145467095,10.11352018055201,1.136917630191083,7.434095534442131,7.799732424003245,7.023275651098563,9.985247142350682,2.395344663597178,2.0827809599946163
8.139607773600357,2.94665889590386,3.23012672114356,8.216645294616072,0.17643513568603422,0.8315663153875307,1.9120612099769192,1.4996507571926787,5.76611666344711,11.098830380890172,0.6653320456335102,1.7385279787849468,2.8531588254670717,0.07035119176272299,5.244875778261467,9.644813070262659,1.2777576883529906,7.421983353537294,7.821664645597966,7.048510264420535,10.084093678039984,2.39464273266713,2.1389777193482917
8.158708059649557,2.9071780787558352,3.176868069923499,8.236752986939303,0.12813355533463908,0.8130418732925201,1.8293592752193224,1.4481903273473662,5.899245846064835,10.955651974294375,0.6405691728212451,1.7228533978823608,2.8027086373481085,0.037157558868589895,5.273872753003034,9.973549859430832,1.071501332409332,7.381851936405691,7.80239378515667,6.994585212323398,10.07255303935117,2.30538138365662,2.073292717910691
7.987281599006904,2.8536044372677543,3.0999159300800048,8.155760901498834,0.10846174201769021,0.7896911353309117,1.762771093578731,1.4412346826782192,5.491276390568959,11.061719941735403,0.6043852254630517,1.7235846559285912,2.7676038679871775,-0.0077971994537356535,5.598075575774623,9.637673836186815,1.1878990118440373,7.453986640267292,7.878731222446528,7.065104825396783,9.863926369027876,2.322512911301198,1.936116278231138
8.071158854811323,2.840763311089989,3.1201433315752043,8.178563310384565,0.09323306785068672,0.7650569702330192,1.7173701513777717,1.3923182152781484,6.293430387407806,10.997858434394573,0.5665166453370679,1.6780330451942742,2.736792992135584,-0.041257640850760086,5.538379592881731,10.339325082919146,1.1355069326437286,7.406981020911193,7.840160323387457,7.009847637745488,10.072271757983634,2.1676754954648034,1.9974269305914167
8.013831277108363,2.811805617564018,3.095992539139208,8.103180851942573,0.06989911785670903,0.744038313510806,1.7069526032314983,1.3256531465329875,6.423383114530889,11.228889808661199,0.5326198728853166,1.6411139097116143,2.7074875779184144,-0.03961471434952237,5.4887169270307075,9.634238489282176,1.155007200274613,7.350019397532666,7.76766322388202,7.093434505504527,9.875182508903897,2.0800878762112345,2.013036570645319
7.943035125182576,2.794720154128679,3.011937360228607,8.113842089674597,0.03633591184368623,0.7341279930876669,1.6369162497290508,1.3494111773253472,6.633714273915205,10.988289648288054,0.4868110159923733,1.5976610065238068,2.663451341347776,-0.011471780677688535,5.6421882091210245,10.13892454709509,1.1161201566116186,7.48636958210578,7.858287565842284,6.995601539877833,10.046434041138465,2.034859123490395,1.9718524939969964
8.112404673997956,2.735772012318553,3.03954817653864,8.15379080872146,0.02478692480808483,0.7122122683240691,1.5712777594718073,1.2958337651720042,5.910024194347857,10.970723570214261,0.4579160317490917,1.5959543371869258,2.6500621633898302,-0.02782425080156296,5.675405065701065,9.6630840904945,1.2120338307080807,7.40178052818176,7.7970719745270465,7.055005962154362,10.036345217424866,2.004493591161517,1.8502504260974393
7.994475750025827,2.7132812241415247,3.0195606070285472,8.187351589368014,0.0071188837301934885,0.7052882129313378,1.507431211906381,1.276298781106072,6.546614663609658,11.084778019375914,0.426339575844004,1.6098398153974938,2.575327548696284,0.03765739379744599,5.891948374638884,9.82708332734331,1.045957767954663,7.366948357808001,7.803622413307487,6.983416593400901,9.875182508903897,1.919205852094887,1.9333226520711995
7.9153094923464336,2.6562515751977864,2.9381675629587938,8.125390442116602,-0.014140015428434407,0.6749385584518116,1.4933694326434392,1.2230106037254913,6.856954547237666,11.099455467877053,0.3845778244342963,1.5547651309047208,2.5379091198387957,0.06265177847797486,6.211300339272415,9.631596826136718,1.171412726073096,7.443509544141033,7.82145938484957,7.023445812110189,10.002524186815434,1.96242510852725,2.009222501085113
7.984611236780657,2.6267144194149386,2.9534659651869917,8.158169482384075,-0.05227014438686674,0.63643344653365,1.4258891329014558,1.1844143714187934,6.858793066300088,10.967030085447051,0.3462126989301211,1.5005691801868395,2.490264290163649,0.07953987779593137,6.17443097395238,10.087908949726762,1.1005821254335124,7.38205918882678,7.72700202720373,6.9883215380994645,9.952185981738507,1.8917794810139659,1.9526935342952005
7.92182394703092,2.606285541649152,2.9342828394578704,7.7015984928156715,-0.0772893897755632,0.6135433786747034,1.3610349675123186,1.1678821837467883,6.5315628702981385,10.928958186808101,0.3090860445208303,1.5045379437609137,2.442400471349117,0.10683767635547517,6.0329427453273,9.71359190274344,1.1737556726024767,7.290730630287372,7.816534751557601,6.973280746845881,9.97300761199352,1.8527352819280054,1.8611549479872285
7.881809056085186,2.5563959897325823,2.8446420554471987,8.201213604711013,-0.09877130675273461,0.5888277128866881,1.3141251670429486,1.1527390421119912,6.780073447163229,11.121989136745588,0.270151634850642,1.5378194617640637,2.3778700802982513,0.13702012177819764,6.051184705756328,9.94286046724232,1.1124664256435695,7.404900289485623,7.718692815931427,7.010866468671583,10.06664810483415,1.8073370511261604,1.8968730357116965
7.977016160332587,2.537169937161879,2.8389733895919296,8.210248399116244,-0.11637996870413805,0.568332287648474,1.2773757160831805,1.0868029259189238,7.228850272731251,11.134847419297522,0.23568643968838007,1.4415972528288312,2.325398957253755,0.24280552603859545,6.326971501103443,9.787747196344487,1.2332816066211976,7.356207426532364,7.7033139753870845,6.983923821438094,9.814143495834989,1.7540189721572501,1.9332491592996712
7.923860876671901,2.500977129682294,2.8479223411866106,8.208264239660412,-0.1447211839611055,0.5413954775737485,1.247921707722748,1.074069729296666,7.09605086282289,10.9873642095478,0.2077853373438989,1.3953469688053988,2.283565025968871,0.21642668321600303,6.164355204456226,10.059044279654461,1.1304233044369267,7.272182005016222,7.765421300524817,6.9786844669631805,10.020675553355868,1.745789597883818,1.789438305136379
7.927121116485889,2.4761764942592297,2.8090596151073153,8.303639999002831,-0.1744423500235805,0.5262933396922505,1.1882344426436378,1.029112024150523,6.6088120165684945,11.099768028542586,0.17712440284760422,1.3698010143052861,2.2953317936237565,0.216091625632859,6.6826685756375666,9.68723864928829,1.1465565631751267,7.397207775588524,7.697049813716994,6.976319759044229,9.887829514049299,1.6628337109432594,1.6825668887675491
7.9606205616096535,2.4294049129144257,2.7464073752881495,8.255360749381706,-0.19448352934798568,0.5063336067379915,1.1078226974267926,1.0253390902577273,7.241469292518155,11.088210903581677,0.13146641072035653,1.3666941670295718,2.2517442481967462,0.21092624669769236,6.665950796864235,10.010405882810433,1.2097670422759437,7.357239380412756,7.6942225036516625,6.978346596250461,9.882603419903925,1.5929709185507697,1.7502072728928733
7.85976055984467,2.4016282827889173,2.7823066413331543,8.175489794285339,-0.22252286994200896,0.4815966364387847,1.0717271976485434,0.9891428329875341,7.6862657397288014,10.991683788197733,0.08307082090257607,1.3951430972598655,2.2171252674158355,0.21728840785287726,6.541043298372638,9.706663237860598,1.0755552910576478,7.271978491581432,7.769701898943076,6.966026919088213,9.998619802059315,1.6142361393059417,1.8617334243985038
7.948347308137421,2.3763686340035584,2.753704465776864,8.143729369845051,-0.23871123810742173,0.4456906589247098,0.9949807740620031,0.9704548561346233,8.002384992582265,11.189001008506345,0.06200973665724985,1.3205549269574623,2.167726037536894,0.19914157351121278,6.561071500671482,9.832215222825775,1.1875920253004264,7.3824737149241635,7.699676101140861,6.958613192118428,9.89939359175691,1.5092209194088348,1.9705924292896195
7.90067266387194,2.339971589570732,2.6668799151481775,8.143292216417045,-0.26438393864986925,0.4459744350352084,0.9462025489570368,0.9333542399242661,7.527562856288623,10.956266616406994,0.04249089305261726,1.2724540368936876,2.1219883380962354,0.3515923274280643,6.711015164534175,9.611019011700321,1.1544499130759902,7.310155775814557,7.716667533775063,6.94969480943899,10.040827642763922,1.5302021456340742,1.755215399886251
7.861376585088006,2.3173493247863624,2.68955021225695,8.170881833038308,-0.2895765081885369,0.41477780536736675,0.9041840296729077,0.9060637968731842,7.321866970794841,11.164715491620694,0.005600676033858359,1.2595234858854363,2.060568670029754,0.4226829665102682,6.939672047951291,9.786671939521115,1.3841718745184035,7.249228528590195,7.702101160088922,6.945156426993281,10.087192640805776,1.4711837769714808,1.8790504864035549
7.945486434550695,2.286288281760265,2.6814960674560786,8.105572892970848,-0.3048074564806718,0.40237415145022404,0.9055793103246893,0.8696551072804082,7.9393972900242105,10.983971798302496,-0.030611199442237717,1.3126121903873917,2.0019915964713584,0.35124414443601953,6.843045842957786,9.342705105610595,1.0602062319259895,7.303605568678772,7.616275811373254,6.932399602382915,9.926715467545808,1.4286566163469228,1.9893819805883013
7.838985458670308,2.2560333932618226,2.6007859363513854,8.143729369845051,-0.3451952371156929,0.3783057180453568,0.8569023486255286,0.8269471663978276,8.248414694183031,11.16818064078798,-0.07624108729303605,1.2116363867115836,1.9532686783922035,0.341608065851446,7.33955878132287,9.84925268972975,1.3764837799733218,7.3824737149241635,7.704729167480419,6.981050078242821,10.045592842776305,1.4138813601129991,1.9160852014322884
8.028483904913477,2.2300350730394736,2.58935766971273,8.180979081833497,-0.35444879537816976,0.35850824883057114,0.8080017280317492,0.832478763363185,8.893129598457204,10.964876296458948,-0.10015031900235122,1.1762129610933314,1.8929085441442293,0.4123967884708221,7.708770610509085,9.682455579326188,1.2345264940971694,7.286649101088752,7.735320179912274,6.941628878280901,9.881503607778527,1.3320945162601512,1.9535055629608966
7.976400679422074,2.206286175080573,2.5912884085841883,8.211130412519001,-0.3700707125110626,0.3355793042714647,0.7713971220551881,0.7922792759762328,7.8403626977819645,11.064520971021672,-0.1104959078948014,1.2090313218599782,1.8637769191028408,0.39317062363649286,7.701419837205981,9.57997969830088,1.388402203580837,7.342602112255095,7.708369424670905,6.93290266166638,9.97717816781704,1.2518785463016306,1.9563118923578275
7.833347856940702,2.166561847094687,2.5295706327221334,8.217528043658854,-0.39340946777613645,0.3038799213642055,0.7570172428084505,0.7518080369706198,8.803807295518931,10.985205245304712,-0.14165593751836258,1.2032407099436175,1.872301814359224,0.4730675423184424,8.022491843539086,10.018953836282558,1.4828533920886902,7.360542816029138,7.620474408313068,6.993907753158129,9.991373626952017,1.1899181392015652,2.0632190791258442
7.88606442101447,2.1358530606507324,2.500830471645139,8.296501444095526,-0.4016300053188242,0.29562795766937805,0.7257597623071296,0.7367665698877403,8.844020726485239,11.053633252232896,-0.1676531113750516,1.1307753552832862,1.8196412789821441,0.38321976860788204,7.721749173866247,9.44423243995227,1.5120256730303168,7.300537609072852,7.587547176544685,6.908969038301056,9.82069119060109,1.148412950261109,1.796058706987439
7.889511016019306,2.096399420217955,2.517408416309817,8.290929040382611,-0.4382014919911353,0.27150338323800727,0.6664662004983934,0.6919872290480973,9.210858501129028,11.006201342641793,-0.21772216333117456,1.094428575312915,1.7871205131497168,0.481774572530203,8.079038704021462,9.797430366932899,1.3469739311165887,7.22636257955162,7.607286545898305,6.94801353822856,9.98691755715861,1.085061638002886,1.8843533680392524
7.9375226064640945,2.072129152380064,2.4789833830442713,8.292934641976242,-0.44418689118975363,0.25383890349434984,0.6388222633801335,0.6997301911162007,8.818239574689764,11.045864829027208,-0.23054385019193133,1.0643651310762012,1.7326385059346678,0.3578156336142598,8.049799978831938,9.504159966349517,1.5257715837876984,7.350431735881748,7.719908240117989,6.888123961723468,9.932245926944537,1.0976520581979268,2.0802741271356324
7.899860345666692,2.052090559589914,2.418022810534834,8.285138008663116,-0.4695284274693311,0.2303912382747754,0.6101428470047028,0.6710751909592284,8.523209755496653,10.992918357831895,-0.25641612146279197,1.075897892743643,1.6768466253624794,0.4267955532506561,8.759542475545599,9.830594304767638,1.4978292127552404,7.276864717493563,7.689579885768897,6.931225956892049,9.964672734775334,1.0274610651233151,2.0871902811698724
7.828720160629994,2.0146304982846863,2.4461634392902525,8.21796945625658,-0.48837654625535154,0.20213409065600074,0.6010638487459745,0.6116521636608706,9.085769737912992,11.066388835866121,-0.2699673476906984,1.0924641547058915,1.607912120493396,0.4451309111856506,9.02354127958554,9.400648884208458,1.5029849311943402,7.22696851337948,7.623674881349942,6.905462126725897,10.00615131687274,1.0091026183132574,2.122773657681791
7.828921305012884,1.981080012502816,2.418669626454872,8.177026398079587,-0.5038914308566526,0.19199157130140532,0.5547621723865789,0.6205183072078578,9.823265824502785,11.061719941735403,-0.2926025683969798,1.0432092066159182,1.6103181678919465,0.3020482455334101,8.55333389408629,9.95709605703499,1.543994068606292,7.346515656448113,7.624875402763559,6.859887642686137,9.86474947228456,0.9685500671167793,2.0125128787516986
7.798409604874662,1.9510287662085957,2.349660683430309,8.178124161097038,-0.5210672214152391,0.16927467754793998,0.5057340103120505,0.5580435340537071,10.128429127357734,11.046486041917515,-0.33608022884498384,0.9845072683101468,1.5813194634153334,0.39992080536110636,8.8258412007858,9.32075704087169,1.6185886922196864,7.288893599476484,7.620074442979071,6.87698002292639,10.016203877055561,0.912261482032545,2.361555559181297
7.935686000362371,1.9151317496328766,2.351253621821985,8.196810247968227,-0.5379319811683415,0.17120418107863344,0.47979967455328587,0.5651913198739299,9.241215305965978,10.997858434394573,-0.3411355771215657,0.9719289007822244,1.5214222910052746,0.3810122307190151,8.763989526599635,10.046860044713226,1.6465675749130362,7.224948972480394,7.651133654704304,6.863700261354359,9.951631447835474,0.8455553871424221,2.3168763378363915
7.862386778660692,1.8895378151050446,2.3479887042996386,7.939711417110171,-0.5497436092707659,0.1526711277036249,0.46228083060792236,0.4883362127097354,9.636155631697575,11.228889808661199,-0.3464620753006251,0.9625198931681822,1.4771853822739585,0.40946329613770505,9.280416595443723,9.53388674075171,1.7355435809420212,7.346927755905073,7.527644747753507,6.922681845767949,9.804331647751031,0.7899287059716208,2.0594378084502436
7.840395526080564,1.885132308961551,2.2572101444759394,8.213777061274678,-0.5483709552105892,0.13627868490335202,0.43836922285312974,0.49955844103847225,10.404170791374984,10.988289648288054,-0.36933647801317876,0.9679905289758477,1.4332795571494363,0.33274020861656095,8.980222009598082,9.94286046724232,1.8034480797747343,7.258358777846983,7.526854481212044,6.837391801007621,10.004756081036037,1.1899181392015652,2.1776079094243475
7.819875185321248,1.816470653870325,2.27213432564415,8.2067213592846,-0.5622439864523192,0.12223109147741443,0.3984740321470266,0.4603607139754214,10.608088809697971,11.136102921952205,-0.3936123681336309,0.8929538436119432,1.3847273343295317,0.36679637742638527,9.431776183642437,9.276266549932624,1.5707617857985605,7.192929580184741,7.565674039045737,6.849787380695931,9.87133723488507,1.196025997553789,2.2727028092539197
