,Anion Summary Report,,,,,,,
,,,,,,,,
No. ,Name ,Dilution ,Time ,Area ,Rel.Area ,Height ,Rel.Height ,Amount 
,,,min,µS*min,%,µS,%,ppm
,,,CD_1_Total,CD_1_Total,CD_1_Total,CD_1_Total,CD_1_Total,CD_1_Total
,,,Fluoride,Fluoride,Fluoride,Fluoride,Fluoride,Fluoride
1,DI Water,1.0000,n.a.,n.a.,n.a.,n.a.,n.a.,n.a.
2,10 ppm Anion  Std,1.0000,2.763  ,3.0007  ,17.11,33.31  ,21.15,5.0290  
3,DI water,1.0000,n.a.,n.a.,n.a.,n.a.,n.a.,n.a.
4,1600x,1.0000,2.763  ,0.0151  ,8.24,0.11  ,7.47,0.0059  
5,800x,1.0000,2.753  ,0.0166  ,6.31,0.19  ,8.68,0.0085  
6,400x,1.0000,2.763  ,0.0296  ,6.63,0.37  ,9.54,0.0303  
7,200x,1.0000,2.757  ,0.0639  ,7.09,0.82  ,10.71,0.0880  
8,20x,1.0000,2.763  ,0.6489  ,7.58,7.94  ,10.69,1.0722  
9,5x,1.0000,2.763  ,2.3787  ,7.33,27.00  ,10.11,3.9826  
10,10 ppm Anion  Std,1.0000,2.773  ,3.0003  ,17.09,33.42  ,21.18,5.0283  
11,062,1.0000,2.757  ,0.0395  ,0.24,0.51  ,0.37,0.0469  
12,055,1.0000,2.760  ,0.0934  ,0.78,1.15  ,1.44,0.1376  
13,043,1.0000,2.763  ,0.0244  ,0.43,0.31  ,0.81,0.0215  
14,10 ppm Anion  Std,1.0000,2.763  ,2.9224  ,17.20,32.12  ,21.05,4.8972  
15,10 ppm Anion  Std,1.0000,2.767  ,2.9187  ,17.18,32.15  ,21.06,4.8912  
16,1,1.0000,2.760  ,0.0306  ,0.32,0.39  ,0.63,0.0320  
17,2,1.0000,2.757  ,0.0333  ,0.36,0.41  ,0.68,0.0365  
18,3,1.0000,2.763  ,0.0336  ,0.37,0.34  ,0.57,0.0371  
19,4,1.0000,2.747  ,0.0348  ,0.36,0.45  ,0.71,0.0390  
20,5,1.0000,2.760  ,0.0288  ,0.30,0.36  ,0.57,0.0289  
21,6,1.0000,2.760  ,0.0279  ,3.39,0.36  ,5.02,0.0274  
22,7,1.0000,2.760  ,0.0326  ,4.04,0.35  ,5.05,0.0354  
23,8,1.0000,2.757  ,0.0342  ,4.28,0.39  ,5.63,0.0380  
24,9,1.0000,2.753  ,0.0342  ,4.01,0.39  ,5.32,0.0381  
25,10,1.0000,2.757  ,0.0357  ,4.28,0.39  ,5.44,0.0406  
26,11,1.0000,2.760  ,0.0408  ,0.69,0.51  ,1.23,0.0491  
27,12,1.0000,2.757  ,0.0419  ,0.78,0.55  ,1.43,0.0510  
28,13,1.0000,2.757  ,0.0487  ,1.04,0.61  ,1.80,0.0625  
29,14,1.0000,2.757  ,0.0695  ,1.49,0.87  ,2.61,0.0974  
30,15,1.0000,2.753  ,0.0539  ,1.17,0.68  ,2.04,0.0712  
31,16,1.0000,2.763  ,0.0385  ,0.26,0.47  ,0.37,0.0454  
32,17,1.0000,2.760  ,0.0405  ,0.25,0.50  ,0.38,0.0486  
33,18,1.0000,2.760  ,0.0279  ,0.20,0.37  ,0.31,0.0274  
34,19,1.0000,2.763  ,0.0366  ,0.29,0.44  ,0.41,0.0421  
35,20,1.0000,2.757  ,0.0426  ,0.32,0.51  ,0.45,0.0521  
36,21,1.0000,2.810  ,0.0054  ,5.70,0.07  ,10.99,n.a.
37,A-5x,1.0000,2.763  ,2.3740  ,7.33,26.68  ,10.02,3.9747  
38,MQ Blank 1,1.0000,2.807  ,0.0054  ,6.04,0.05  ,11.05,n.a.
39,22,1.0000,2.767  ,0.0411  ,0.39,0.47  ,0.70,0.0496  
40,23,1.0000,2.753  ,0.0388  ,0.37,0.47  ,0.69,0.0458  
41,24,1.0000,2.757  ,0.0418  ,0.39,0.44  ,0.66,0.0508  
42,25,1.0000,2.753  ,0.0373  ,0.36,0.47  ,0.71,0.0433  
43,26,1.0000,2.753  ,0.0385  ,0.37,0.46  ,0.70,0.0452  
44,27,1.0000,2.753  ,0.0246  ,2.96,0.30  ,4.13,0.0219  
45,28,1.0000,2.767  ,0.0239  ,2.86,0.29  ,3.96,0.0208  
46,29,1.0000,2.757  ,0.0274  ,3.27,0.32  ,4.47,0.0266  
47,30,1.0000,2.760  ,0.0270  ,3.01,0.32  ,4.10,0.0258  
48,31,1.0000,2.757  ,0.0261  ,3.04,0.34  ,4.59,0.0245  
49,32,1.0000,2.763  ,0.0884  ,1.13,1.14  ,2.11,0.1292  
50,33,1.0000,2.760  ,0.0886  ,1.27,1.11  ,2.28,0.1296  
51,34,1.0000,2.757  ,0.1040  ,1.52,1.16  ,2.43,0.1555  
52,35,1.0000,2.757  ,0.0983  ,1.70,1.18  ,3.06,0.1458  
53,36,1.0000,2.757  ,0.0908  ,1.52,1.17  ,2.84,0.1333  
54,37,1.0000,2.760  ,0.0534  ,0.29,0.68  ,0.44,0.0703  
55,5 ppm F/10 ppm Anion  Std,1.0000,2.767  ,2.9241  ,17.17,32.37  ,21.10,4.9002  
56,38,1.0000,2.753  ,0.0564  ,0.31,0.68  ,0.45,0.0754  
57,39,1.0000,2.760  ,0.0536  ,0.29,0.63  ,0.41,0.0706  
58,40,1.0000,2.760  ,0.0534  ,0.27,0.69  ,0.44,0.0703  
59,41,1.0000,2.753  ,0.0630  ,0.30,0.81  ,0.47,0.0864  
60,42,1.0000,2.787  ,0.0176  ,13.47,0.19  ,20.27,0.0102  
61,A-400x,1.0000,2.760  ,0.0274  ,6.28,0.36  ,9.49,0.0266  
62,MQ Blank 2,1.0000,2.800  ,0.0049  ,5.73,0.05  ,10.18,n.a.
63,43,1.0000,2.753  ,0.0403  ,0.37,0.48  ,0.71,0.0483  
64,44,1.0000,2.753  ,0.0347  ,0.32,0.44  ,0.64,0.0388  
65,45,1.0000,2.760  ,0.0378  ,0.38,0.48  ,0.74,0.0440  
66,46,1.0000,2.760  ,0.0451  ,0.71,0.48  ,1.12,0.0564  
67,47,1.0000,2.753  ,0.0379  ,0.51,0.42  ,0.85,0.0443  
68,48,1.0000,2.757  ,0.0259  ,2.81,0.33  ,4.16,0.0240  
69,49,1.0000,2.760  ,0.0233  ,2.77,0.32  ,4.32,0.0197  
70,50,1.0000,2.753  ,0.0263  ,3.14,0.30  ,4.12,0.0247  
71,51,1.0000,2.753  ,0.0262  ,3.04,0.31  ,4.06,0.0245  
72,52,1.0000,2.753  ,0.0244  ,2.87,0.32  ,4.31,0.0216  
73,53,1.0000,2.753  ,0.0987  ,1.85,1.23  ,3.22,0.1466  
74,54,1.0000,2.757  ,0.0997  ,2.61,1.29  ,4.58,0.1482  
75,55,1.0000,2.760  ,0.0821  ,1.14,1.04  ,2.08,0.1186  
76,56,1.0000,2.760  ,0.1042  ,2.21,1.26  ,3.68,0.1558  
77,57,1.0000,2.763  ,0.0860  ,2.31,1.07  ,4.10,0.1252  
78,58,1.0000,2.753  ,0.0465  ,0.21,0.60  ,0.33,0.0588  
79,59,1.0000,2.760  ,0.0489  ,0.22,0.61  ,0.34,0.0628  
80,60,1.0000,2.753  ,0.0487  ,0.25,0.60  ,0.38,0.0625  
81,61,1.0000,2.753  ,0.0532  ,0.25,0.64  ,0.37,0.0701  
82,62,1.0000,2.760  ,0.0522  ,0.26,0.63  ,0.39,0.0684  
83,63,1.0000,n.a.,n.a.,n.a.,n.a.,n.a.,n.a.
84,A-200x,1.0000,2.753  ,0.0617  ,6.96,0.81  ,10.75,0.0844  
85,MQ Blank 3,1.0000,2.800  ,0.0054  ,4.84,0.05  ,10.49,n.a.
86,64,1.0000,2.767  ,0.0561  ,0.95,0.58  ,1.50,0.0749  
87,65,1.0000,2.767  ,0.0555  ,0.90,0.58  ,1.44,0.0738  
88,66,1.0000,2.753  ,0.0400  ,0.66,0.48  ,1.21,0.0478  
89,67,1.0000,2.757  ,0.0504  ,0.83,0.52  ,1.33,0.0653  
90,68,1.0000,2.760  ,0.0496  ,0.80,0.51  ,1.24,0.0639  
91,69,1.0000,2.777  ,0.0809  ,7.28,0.80  ,8.36,0.1166  
92,70,1.0000,2.780  ,0.0852  ,7.62,0.84  ,8.73,0.1239  
93,71,1.0000,2.783  ,0.0922  ,8.04,0.88  ,8.90,0.1356  
94,72,1.0000,2.777  ,0.0678  ,6.33,0.66  ,7.23,0.0945  
95,73,1.0000,2.783  ,0.0878  ,7.93,0.86  ,8.95,0.1283  
96,74,1.0000,2.767  ,0.0989  ,2.16,1.04  ,3.47,0.1468  
97,75,1.0000,2.813  ,0.4922  ,9.35,3.14  ,9.31,0.8085  
98,76,1.0000,2.757  ,0.1144  ,2.14,1.08  ,2.99,0.1730  
99,77,1.0000,2.757  ,0.0904  ,2.09,0.95  ,3.43,0.1325  
100,78,1.0000,2.760  ,0.1050  ,1.93,1.09  ,2.97,0.1571  
101,79,1.0000,2.753  ,0.0646  ,0.38,0.77  ,0.55,0.0892  
102,80,1.0000,2.753  ,0.0544  ,0.29,0.70  ,0.45,0.0721  
103,81,1.0000,2.753  ,0.0585  ,0.27,0.75  ,0.44,0.0789  
104,82,1.0000,2.757  ,0.0611  ,0.33,0.63  ,0.42,0.0834  
105,83,1.0000,2.753  ,0.0437  ,0.27,0.56  ,0.42,0.0541  
106,84,1.0000,2.803  ,0.0067  ,7.75,0.08  ,14.09,n.a.
107,A-800x,1.0000,2.757  ,0.0130  ,5.26,0.17  ,8.33,0.0024  
108,MQ Blank 4,1.0000,2.790  ,0.0053  ,5.29,0.05  ,10.60,n.a.
109,SB 1,1.0000,n.a.,n.a.,n.a.,n.a.,n.a.,n.a.
110,SB 2,1.0000,2.800  ,0.0038  ,4.77,0.05  ,9.83,n.a.
111,SB 3,1.0000,2.767  ,0.0003  ,0.37,0.00  ,0.89,n.a.
112,SB 4,1.0000,2.777  ,0.0003  ,0.39,0.00  ,0.86,n.a.
113,5 ppm F/10 ppm Anion  Std,1.0000,2.763  ,2.9198  ,17.16,32.46  ,21.16,4.8930  
,Sum:,,301.187  ,28.261  ,370.313  ,315.610  ,522.438  ,45.535  
,Average:,,2.763  ,0.259  ,3.397  ,2.896  ,4.793  ,0.455  
,Rel.Std.Dev:,,0.483 %,280.367 %,126.854 %,278.720 %,115.687 %,278.959 %
,,,,,,,,
No. ,Name ,Dilution ,Time ,Area ,Rel.Area ,Height ,Rel.Height ,Amount 
,,,min,µS*min,%,µS,%,ppm
,,,CD_1_Total,CD_1_Total,CD_1_Total,CD_1_Total,CD_1_Total,CD_1_Total
,,,Chloride,Chloride,Chloride,Chloride,Chloride,Chloride
1,DI Water,1.0000,3.797  ,0.0007  ,2.10,0.01  ,3.25,n.a.
2,10 ppm Anion  Std,1.0000,3.817  ,3.7954  ,21.64,41.90  ,26.59,10.3709  
3,DI water,1.0000,3.800  ,0.0007  ,1.88,0.01  ,3.40,n.a.
4,1600x,1.0000,3.817  ,0.0252  ,13.76,0.28  ,19.56,n.a.
5,800x,1.0000,3.813  ,0.0433  ,16.44,0.49  ,22.47,n.a.
6,400x,1.0000,3.820  ,0.0867  ,19.41,0.99  ,25.42,0.1139  
7,200x,1.0000,3.813  ,0.1873  ,20.79,2.12  ,27.60,0.3920  
8,20x,1.0000,3.820  ,1.8748  ,21.91,20.82  ,28.04,5.0591  
9,5x,1.0000,3.820  ,7.2725  ,22.41,79.63  ,29.81,19.9873  
10,10 ppm Anion  Std,1.0000,3.823  ,3.7965  ,21.63,41.92  ,26.56,10.3740  
11,062,1.0000,3.817  ,0.6929  ,4.23,7.72  ,5.69,1.7904  
12,055,1.0000,3.820  ,1.0297  ,8.60,11.39  ,14.22,2.7220  
13,043,1.0000,3.820  ,0.0882  ,1.57,1.01  ,2.65,0.1180  
14,10 ppm Anion  Std,1.0000,3.817  ,3.6890  ,21.71,40.73  ,26.69,10.0766  
15,10 ppm Anion  Std,1.0000,3.817  ,3.6871  ,21.70,40.69  ,26.65,10.0713  
16,1,1.0000,3.817  ,0.1490  ,1.55,1.70  ,2.72,0.2861  
17,2,1.0000,3.813  ,0.1492  ,1.60,1.70  ,2.80,0.2866  
18,3,1.0000,3.817  ,0.1389  ,1.53,1.59  ,2.69,0.2583  
19,4,1.0000,3.800  ,0.1559  ,1.60,1.77  ,2.80,0.3053  
20,5,1.0000,3.820  ,0.1494  ,1.54,1.70  ,2.71,0.2874  
21,6,1.0000,3.817  ,0.1081  ,13.16,1.24  ,17.19,0.1730  
22,7,1.0000,3.817  ,0.0959  ,11.87,1.10  ,15.73,0.1393  
23,8,1.0000,3.810  ,0.0970  ,12.14,1.11  ,16.09,0.1423  
24,9,1.0000,3.810  ,0.1056  ,12.39,1.21  ,16.37,0.1662  
25,10,1.0000,3.810  ,0.1085  ,12.99,1.24  ,17.15,0.1741  
26,11,1.0000,3.817  ,0.3328  ,5.67,3.74  ,9.00,0.7944  
27,12,1.0000,3.813  ,0.3525  ,6.57,3.97  ,10.28,0.8490  
28,13,1.0000,3.810  ,0.3307  ,7.08,3.72  ,11.02,0.7887  
29,14,1.0000,3.810  ,0.3571  ,7.66,4.01  ,11.98,0.8616  
30,15,1.0000,3.810  ,0.3779  ,8.23,4.24  ,12.70,0.9192  
31,16,1.0000,3.823  ,0.7108  ,4.75,7.94  ,6.32,1.8398  
32,17,1.0000,3.820  ,0.7056  ,4.43,7.89  ,5.93,1.8256  
33,18,1.0000,3.817  ,0.6616  ,4.71,7.41  ,6.26,1.7038  
34,19,1.0000,3.820  ,0.6261  ,4.87,6.99  ,6.43,1.6056  
35,20,1.0000,3.813  ,0.6622  ,4.97,7.40  ,6.57,1.7056  
36,21,1.0000,3.817  ,0.0063  ,6.66,0.07  ,11.79,n.a.
37,A-5x,1.0000,3.823  ,7.2798  ,22.47,79.66  ,29.90,20.0073  
38,MQ Blank 1,1.0000,3.810  ,0.0032  ,3.56,0.02  ,4.32,n.a.
39,22,1.0000,3.820  ,0.1601  ,1.53,1.84  ,2.74,0.3168  
40,23,1.0000,3.810  ,0.1584  ,1.49,1.80  ,2.66,0.3121  
41,24,1.0000,3.813  ,0.1624  ,1.52,1.84  ,2.71,0.3233  
42,25,1.0000,3.810  ,0.1621  ,1.54,1.84  ,2.74,0.3225  
43,26,1.0000,3.810  ,0.1595  ,1.53,1.81  ,2.72,0.3154  
44,27,1.0000,3.810  ,0.0989  ,11.92,1.13  ,15.68,0.1477  
45,28,1.0000,3.823  ,0.1009  ,12.08,1.15  ,15.93,0.1532  
46,29,1.0000,3.810  ,0.0989  ,11.79,1.13  ,15.66,0.1477  
47,30,1.0000,3.813  ,0.1029  ,11.47,1.18  ,15.12,0.1586  
48,31,1.0000,3.813  ,0.0989  ,11.51,1.13  ,15.16,0.1478  
49,32,1.0000,3.820  ,0.5356  ,6.83,5.97  ,11.02,1.3555  
50,33,1.0000,3.817  ,0.4891  ,7.02,5.46  ,11.23,1.2267  
51,34,1.0000,3.810  ,0.4908  ,7.17,5.47  ,11.44,1.2315  
52,35,1.0000,3.813  ,0.4208  ,7.29,4.68  ,12.08,1.0380  
53,36,1.0000,3.813  ,0.4304  ,7.19,4.86  ,11.76,1.0644  
54,37,1.0000,3.817  ,0.7383  ,3.95,8.24  ,5.37,1.9160  
55,5 ppm F/10 ppm Anion  Std,1.0000,3.817  ,3.6867  ,21.65,40.86  ,26.64,10.0701  
56,38,1.0000,3.810  ,0.7244  ,3.99,8.11  ,5.41,1.8776  
57,39,1.0000,3.813  ,0.7227  ,3.86,8.08  ,5.25,1.8729  
58,40,1.0000,3.817  ,0.7315  ,3.76,8.18  ,5.15,1.8972  
59,41,1.0000,3.810  ,0.7690  ,3.61,8.58  ,4.98,2.0009  
60,42,1.0000,3.810  ,0.0139  ,10.64,0.16  ,16.79,n.a.
61,A-400x,1.0000,3.817  ,0.0854  ,19.58,0.98  ,25.80,0.1102  
62,MQ Blank 2,1.0000,3.807  ,0.0017  ,1.97,0.02  ,3.87,n.a.
63,43,1.0000,3.810  ,0.1700  ,1.57,1.93  ,2.83,0.3442  
64,44,1.0000,3.810  ,0.1705  ,1.57,1.94  ,2.82,0.3457  
65,45,1.0000,3.817  ,0.1763  ,1.76,1.99  ,3.10,0.3616  
66,46,1.0000,3.813  ,0.1059  ,1.66,1.20  ,2.80,0.1670  
67,47,1.0000,3.807  ,0.1206  ,1.63,1.37  ,2.81,0.2077  
68,48,1.0000,3.813  ,0.1152  ,12.51,1.32  ,16.40,0.1927  
69,49,1.0000,3.817  ,0.1010  ,12.01,1.16  ,15.63,0.1536  
70,50,1.0000,3.810  ,0.1062  ,12.71,1.22  ,16.60,0.1679  
71,51,1.0000,3.810  ,0.1036  ,12.05,1.19  ,15.78,0.1607  
72,52,1.0000,3.810  ,0.0998  ,11.74,1.15  ,15.46,0.1501  
73,53,1.0000,3.810  ,0.6112  ,11.44,6.81  ,17.84,1.5644  
74,54,1.0000,3.817  ,0.6189  ,16.19,6.89  ,24.49,1.5858  
75,55,1.0000,3.817  ,0.5912  ,8.24,6.61  ,13.21,1.5093  
76,56,1.0000,3.820  ,0.5403  ,11.48,6.03  ,17.67,1.3685  
77,57,1.0000,3.820  ,0.3044  ,8.18,3.43  ,13.12,0.7159  
78,58,1.0000,3.810  ,0.7828  ,3.50,8.75  ,4.87,2.0389  
79,59,1.0000,3.817  ,0.7613  ,3.45,8.51  ,4.79,1.9797  
80,60,1.0000,3.813  ,0.6351  ,3.28,7.11  ,4.49,1.6307  
81,61,1.0000,3.810  ,0.7456  ,3.51,8.34  ,4.85,1.9362  
82,62,1.0000,3.817  ,0.7275  ,3.63,8.13  ,4.98,1.8862  
83,63,1.0000,3.813  ,0.0031  ,3.25,0.04  ,6.38,n.a.
84,A-200x,1.0000,3.807  ,0.1864  ,21.01,2.12  ,28.15,0.3895  
85,MQ Blank 3,1.0000,3.803  ,0.0042  ,3.76,0.02  ,4.28,n.a.
86,64,1.0000,3.817  ,0.2708  ,4.59,3.02  ,7.89,0.6230  
87,65,1.0000,3.817  ,0.2701  ,4.36,3.02  ,7.47,0.6211  
88,66,1.0000,3.810  ,0.2502  ,4.13,2.81  ,7.08,0.5662  
89,67,1.0000,3.810  ,0.2563  ,4.24,2.86  ,7.27,0.5828  
90,68,1.0000,3.813  ,0.2526  ,4.08,2.82  ,6.86,0.5727  
91,69,1.0000,3.810  ,0.1999  ,17.98,2.27  ,23.57,0.4270  
92,70,1.0000,3.813  ,0.2017  ,18.03,2.29  ,23.78,0.4319  
93,71,1.0000,3.813  ,0.2028  ,17.68,2.29  ,23.32,0.4349  
94,72,1.0000,3.813  ,0.1706  ,15.93,1.94  ,21.20,0.3459  
95,73,1.0000,3.813  ,0.1944  ,17.55,2.20  ,22.98,0.4118  
96,74,1.0000,3.820  ,0.5921  ,12.92,6.55  ,21.81,1.5116  
97,75,1.0000,3.813  ,0.6340  ,12.05,7.00  ,20.75,1.6276  
98,76,1.0000,3.813  ,0.6604  ,12.37,7.31  ,20.31,1.7004  
99,77,1.0000,3.813  ,0.4798  ,11.11,5.33  ,19.27,1.2010  
100,78,1.0000,3.813  ,0.7614  ,14.00,8.41  ,22.92,1.9800  
101,79,1.0000,3.810  ,0.7249  ,4.24,8.08  ,5.75,1.8790  
102,80,1.0000,3.810  ,0.7388  ,3.92,8.24  ,5.36,1.9173  
103,81,1.0000,3.810  ,0.7998  ,3.74,8.89  ,5.17,2.0860  
104,82,1.0000,3.810  ,0.7248  ,3.97,8.10  ,5.42,1.8785  
105,83,1.0000,3.810  ,0.6036  ,3.71,6.75  ,5.03,1.5435  
106,84,1.0000,3.810  ,0.0039  ,4.57,0.05  ,8.55,n.a.
107,A-800x,1.0000,3.813  ,0.0411  ,16.62,0.48  ,22.90,n.a.
108,MQ Blank 4,1.0000,3.793  ,0.0034  ,3.38,0.01  ,3.03,n.a.
109,SB 1,1.0000,3.807  ,0.0210  ,17.36,0.24  ,30.17,n.a.
110,SB 2,1.0000,3.800  ,0.0009  ,1.16,0.01  ,2.35,n.a.
111,SB 3,1.0000,3.810  ,0.0011  ,1.47,0.01  ,3.26,n.a.
112,SB 4,1.0000,3.810  ,0.0009  ,1.17,0.01  ,2.60,n.a.
113,5 ppm F/10 ppm Anion  Std,1.0000,3.813  ,3.6814  ,21.63,40.81  ,26.60,10.0556  
,Sum:,,430.887  ,71.601  ,984.733  ,794.657  ,1391.264  ,185.455  
,Average:,,3.813  ,0.634  ,8.714  ,7.032  ,12.312  ,1.932  
,Rel.Std.Dev:,,0.139 %,191.774 %,75.692 %,189.828 %,69.896 %,184.393 %
,,,,,,,,
No. ,Name ,Dilution ,Time ,Area ,Rel.Area ,Height ,Rel.Height ,Amount 
,,,min,mAU*min,%,mAU,%,ppm
,,,UV_VIS_1,UV_VIS_1,UV_VIS_1,UV_VIS_1,UV_VIS_1,UV_VIS_1
,,,Nitrite UV,Nitrite UV,Nitrite UV,Nitrite UV,Nitrite UV,Nitrite UV
1,DI Water,1.0000,n.a.,n.a.,n.a.,n.a.,n.a.,n.a.
2,10 ppm Anion  Std,1.0000,4.415  ,34.9529  ,45.25,277.53  ,52.19,10.6566  
3,DI water,1.0000,n.a.,n.a.,n.a.,n.a.,n.a.,n.a.
4,1600x,1.0000,4.399  ,0.2284  ,29.32,2.03  ,35.62,n.a.
5,800x,1.0000,4.407  ,0.4559  ,37.26,4.03  ,45.33,n.a.
6,400x,1.0000,4.399  ,0.9217  ,38.46,8.04  ,47.38,0.0548  
7,200x,1.0000,4.403  ,1.8714  ,37.75,16.71  ,49.41,0.3506  
8,20x,1.0000,4.407  ,18.2181  ,44.42,149.45  ,52.86,5.4432  
9,5x,1.0000,4.419  ,64.6011  ,44.85,487.56  ,50.94,19.8930  
10,10 ppm Anion  Std,1.0000,4.407  ,34.9558  ,45.29,278.10  ,52.24,10.6575  
11,062,1.0000,4.386  ,0.2234  ,26.06,0.80  ,38.99,n.a.
12,055,1.0000,4.415  ,0.9362  ,0.67,7.52  ,0.94,0.0593  
13,043,1.0000,4.399  ,0.1228  ,0.15,1.22  ,0.25,n.a.
14,10 ppm Anion  Std,1.0000,4.411  ,34.2467  ,44.87,271.14  ,51.45,10.4366  
15,10 ppm Anion  Std,1.0000,4.419  ,34.1981  ,44.91,271.13  ,51.46,10.4215  
16,1,1.0000,4.387  ,0.2043  ,0.14,0.83  ,0.10,n.a.
17,2,1.0000,4.399  ,0.2271  ,0.17,0.91  ,0.12,n.a.
18,3,1.0000,4.374  ,0.2052  ,0.15,0.78  ,0.10,n.a.
19,4,1.0000,4.387  ,0.2470  ,0.17,1.04  ,0.13,n.a.
20,5,1.0000,4.391  ,0.2264  ,0.16,0.88  ,0.11,n.a.
21,6,1.0000,4.308  ,0.1597  ,4.75,0.61  ,3.13,n.a.
22,7,1.0000,4.320  ,0.1591  ,4.36,0.60  ,2.82,n.a.
23,8,1.0000,4.303  ,0.1524  ,3.72,0.60  ,2.75,n.a.
24,9,1.0000,4.307  ,0.1673  ,4.29,0.60  ,2.62,n.a.
25,10,1.0000,4.316  ,0.1571  ,4.23,0.61  ,3.01,n.a.
26,11,1.0000,4.395  ,0.1925  ,0.27,0.84  ,0.19,n.a.
27,12,1.0000,4.395  ,0.2145  ,0.33,0.94  ,0.23,n.a.
28,13,1.0000,4.408  ,0.2242  ,0.41,0.89  ,0.26,n.a.
29,14,1.0000,4.408  ,0.2331  ,0.46,0.94  ,0.30,n.a.
30,15,1.0000,4.403  ,0.2438  ,0.49,1.16  ,0.37,n.a.
31,16,1.0000,4.387  ,0.2009  ,13.94,0.71  ,14.67,n.a.
32,17,1.0000,4.387  ,0.2049  ,11.48,0.84  ,14.91,n.a.
33,18,1.0000,4.349  ,0.1795  ,10.96,0.67  ,11.74,n.a.
34,19,1.0000,4.332  ,0.1549  ,5.35,0.62  ,4.79,n.a.
35,20,1.0000,4.383  ,0.1752  ,7.22,0.68  ,7.04,n.a.
36,21,1.0000,n.a.,n.a.,n.a.,n.a.,n.a.,n.a.
37,A-5x,1.0000,4.416  ,65.0514  ,44.42,490.12  ,50.64,20.0333  
38,MQ Blank 1,1.0000,n.a.,n.a.,n.a.,n.a.,n.a.,n.a.
39,22,1.0000,4.391  ,0.5005  ,0.33,2.76  ,0.32,n.a.
40,23,1.0000,4.403  ,0.2767  ,0.18,1.28  ,0.15,n.a.
41,24,1.0000,4.403  ,0.5567  ,0.36,3.18  ,0.37,n.a.
42,25,1.0000,4.399  ,0.3637  ,0.24,2.07  ,0.24,n.a.
43,26,1.0000,4.399  ,0.4781  ,0.32,2.60  ,0.30,n.a.
44,27,1.0000,4.316  ,0.1507  ,4.61,0.60  ,3.23,n.a.
45,28,1.0000,4.312  ,0.1677  ,5.22,0.61  ,3.35,n.a.
46,29,1.0000,4.312  ,0.1503  ,4.34,0.61  ,3.01,n.a.
47,30,1.0000,4.312  ,0.1698  ,4.10,0.62  ,2.79,n.a.
48,31,1.0000,4.316  ,0.1703  ,4.21,0.62  ,3.06,n.a.
49,32,1.0000,4.408  ,0.3269  ,0.35,1.68  ,0.30,n.a.
50,33,1.0000,4.403  ,0.3846  ,0.48,2.27  ,0.46,n.a.
51,34,1.0000,4.408  ,1.2517  ,1.63,9.75  ,2.05,0.1576  
52,35,1.0000,4.424  ,0.7417  ,1.40,6.00  ,1.78,n.a.
53,36,1.0000,4.416  ,1.0644  ,1.81,8.30  ,2.24,0.0992  
54,37,1.0000,4.366  ,0.1798  ,4.43,0.69  ,3.46,n.a.
55,5 ppm F/10 ppm Anion  Std,1.0000,4.412  ,34.2346  ,45.11,273.20  ,51.68,10.4328  
56,38,1.0000,4.366  ,0.1621  ,4.54,0.62  ,3.51,n.a.
57,39,1.0000,4.387  ,0.2195  ,12.13,0.97  ,13.24,n.a.
58,40,1.0000,4.395  ,0.2814  ,14.96,1.48  ,19.34,n.a.
59,41,1.0000,4.395  ,0.0852  ,5.78,0.67  ,9.93,n.a.
60,42,1.0000,n.a.,n.a.,n.a.,n.a.,n.a.,n.a.
61,A-400x,1.0000,4.395  ,0.8530  ,40.67,7.51  ,48.05,0.0334  
62,MQ Blank 2,1.0000,n.a.,n.a.,n.a.,n.a.,n.a.,n.a.
63,43,1.0000,4.399  ,0.4701  ,0.31,2.68  ,0.31,n.a.
64,44,1.0000,4.395  ,0.3496  ,0.23,2.02  ,0.23,n.a.
65,45,1.0000,4.391  ,0.3576  ,0.25,2.09  ,0.26,n.a.
66,46,1.0000,4.395  ,0.3024  ,0.34,1.78  ,0.33,n.a.
67,47,1.0000,4.399  ,0.4180  ,0.40,2.26  ,0.36,n.a.
68,48,1.0000,4.320  ,0.1620  ,4.61,0.57  ,2.79,n.a.
69,49,1.0000,n.a.,n.a.,n.a.,n.a.,n.a.,n.a.
70,50,1.0000,4.320  ,0.1683  ,5.42,0.57  ,3.50,n.a.
71,51,1.0000,4.328  ,0.1614  ,4.92,0.57  ,3.21,n.a.
72,52,1.0000,4.308  ,0.1656  ,5.09,0.58  ,3.15,n.a.
73,53,1.0000,4.416  ,0.9672  ,2.25,7.93  ,2.87,0.0690  
74,54,1.0000,4.416  ,1.0187  ,5.80,8.42  ,7.32,0.0850  
75,55,1.0000,4.408  ,0.6736  ,0.83,4.30  ,0.86,n.a.
76,56,1.0000,4.408  ,1.0506  ,2.90,8.27  ,3.56,0.0949  
77,57,1.0000,4.403  ,0.7251  ,2.10,5.29  ,2.39,n.a.
78,58,1.0000,4.391  ,0.1862  ,20.31,0.72  ,33.69,n.a.
79,59,1.0000,4.378  ,0.1665  ,26.84,0.61  ,36.47,n.a.
80,60,1.0000,4.362  ,0.2839  ,83.94,0.59  ,58.09,n.a.
81,61,1.0000,4.391  ,0.1756  ,28.41,0.66  ,37.87,n.a.
82,62,1.0000,4.378  ,0.1988  ,21.81,0.74  ,20.13,n.a.
83,63,1.0000,n.a.,n.a.,n.a.,n.a.,n.a.,n.a.
84,A-200x,1.0000,4.395  ,1.9853  ,41.45,16.28  ,49.96,0.3861  
85,MQ Blank 3,1.0000,n.a.,n.a.,n.a.,n.a.,n.a.,n.a.
86,64,1.0000,4.420  ,1.9547  ,3.03,17.11  ,4.17,0.3766  
87,65,1.0000,4.420  ,1.5964  ,2.31,13.78  ,3.17,0.2649  
88,66,1.0000,4.412  ,2.3014  ,3.35,20.04  ,4.60,0.4846  
89,67,1.0000,4.424  ,3.2885  ,4.86,28.72  ,6.64,0.7921  
90,68,1.0000,4.420  ,4.9596  ,7.01,43.56  ,9.56,1.3127  
91,69,1.0000,n.a.,n.a.,n.a.,n.a.,n.a.,n.a.
92,70,1.0000,n.a.,n.a.,n.a.,n.a.,n.a.,n.a.
93,71,1.0000,n.a.,n.a.,n.a.,n.a.,n.a.,n.a.
94,72,1.0000,n.a.,n.a.,n.a.,n.a.,n.a.,n.a.
95,73,1.0000,n.a.,n.a.,n.a.,n.a.,n.a.,n.a.
96,74,1.0000,4.437  ,0.2400  ,0.83,1.65  ,0.88,n.a.
97,75,1.0000,4.462  ,0.2133  ,0.69,0.99  ,0.49,n.a.
98,76,1.0000,4.428  ,0.3091  ,0.74,1.86  ,0.69,n.a.
99,77,1.0000,4.441  ,0.2012  ,0.72,1.27  ,0.70,n.a.
100,78,1.0000,4.437  ,0.1826  ,0.46,1.09  ,0.43,n.a.
101,79,1.0000,4.391  ,0.2022  ,9.59,0.88  ,7.75,n.a.
102,80,1.0000,4.403  ,0.3331  ,18.15,2.02  ,20.27,n.a.
103,81,1.0000,4.399  ,0.2487  ,11.44,1.37  ,12.94,n.a.
104,82,1.0000,4.403  ,0.2330  ,10.97,1.12  ,12.27,n.a.
105,83,1.0000,4.391  ,0.2043  ,11.15,0.89  ,11.74,n.a.
106,84,1.0000,n.a.,n.a.,n.a.,n.a.,n.a.,n.a.
107,A-800x,1.0000,4.391  ,0.3338  ,33.77,3.18  ,43.19,n.a.
108,MQ Blank 4,1.0000,n.a.,n.a.,n.a.,n.a.,n.a.,n.a.
109,SB 1,1.0000,n.a.,n.a.,n.a.,n.a.,n.a.,n.a.
110,SB 2,1.0000,4.312  ,0.0233  ,35.20,0.22  ,40.33,n.a.
111,SB 3,1.0000,n.a.,n.a.,n.a.,n.a.,n.a.,n.a.
112,SB 4,1.0000,n.a.,n.a.,n.a.,n.a.,n.a.,n.a.
113,5 ppm F/10 ppm Anion  Std,1.0000,4.408  ,34.1840  ,45.14,273.11  ,51.74,10.4171  
,Sum:,,412.372  ,398.678  ,1171.531  ,3089.029  ,1320.842  ,113.012  
,Average:,,4.387  ,4.241  ,12.463  ,32.862  ,14.052  ,4.709  
,Rel.Std.Dev:,,0.836 %,291.768 %,136.278 %,291.654 %,135.377 %,137.180 %
,,,,,,,,
No. ,Name ,Dilution ,Time ,Area ,Rel.Area ,Height ,Rel.Height ,Amount 
,,,min,µS*min,%,µS,%,ppm
,,,CD_1_Total,CD_1_Total,CD_1_Total,CD_1_Total,CD_1_Total,CD_1_Total
,,,Sulfate,Sulfate,Sulfate,Sulfate,Sulfate,Sulfate
1,DI Water,1.0000,4.807  ,0.0005  ,1.50,0.00  ,0.93,n.a.
2,10 ppm Anion  Std,1.0000,4.857  ,2.8683  ,16.35,24.54  ,15.58,10.3833  
3,DI water,1.0000,n.a.,n.a.,n.a.,n.a.,n.a.,n.a.
4,1600x,1.0000,4.853  ,0.0187  ,10.21,0.14  ,10.09,n.a.
5,800x,1.0000,4.850  ,0.0328  ,12.44,0.27  ,12.45,n.a.
6,400x,1.0000,4.857  ,0.0641  ,14.34,0.55  ,14.19,0.1124  
7,200x,1.0000,4.847  ,0.1391  ,15.44,1.22  ,15.81,0.3872  
8,20x,1.0000,4.860  ,1.4146  ,16.53,12.17  ,16.40,5.0589  
9,5x,1.0000,4.863  ,5.4904  ,16.92,46.66  ,17.47,19.9874  
10,10 ppm Anion  Std,1.0000,4.863  ,2.8676  ,16.34,24.62  ,15.60,10.3807  
11,062,1.0000,4.893  ,15.3949  ,93.95,126.53  ,93.18,56.2639  
12,055,1.0000,4.867  ,1.2104  ,10.11,9.46  ,11.81,4.3112  
13,043,1.0000,4.857  ,0.2834  ,5.05,2.43  ,6.39,0.9159  
14,10 ppm Anion  Std,1.0000,4.860  ,2.7760  ,16.34,23.74  ,15.56,10.0454  
15,10 ppm Anion  Std,1.0000,4.863  ,2.7712  ,16.31,23.79  ,15.58,10.0277  
16,1,1.0000,4.857  ,0.4558  ,4.74,3.92  ,6.29,1.5474  
17,2,1.0000,4.850  ,0.4361  ,4.67,3.78  ,6.23,1.4749  
18,3,1.0000,4.853  ,0.4056  ,4.47,3.60  ,6.09,1.3633  
19,4,1.0000,4.840  ,0.4703  ,4.81,4.00  ,6.33,1.6005  
20,5,1.0000,4.860  ,0.4507  ,4.66,3.92  ,6.26,1.5285  
21,6,1.0000,4.857  ,0.4624  ,56.30,4.09  ,56.92,1.5712  
22,7,1.0000,4.853  ,0.4465  ,55.27,3.95  ,56.47,1.5132  
23,8,1.0000,4.850  ,0.4266  ,53.40,3.77  ,54.56,1.4401  
24,9,1.0000,4.847  ,0.4653  ,54.57,4.10  ,55.48,1.5822  
25,10,1.0000,4.850  ,0.4616  ,55.27,4.05  ,56.09,1.5686  
26,11,1.0000,4.860  ,0.7010  ,11.94,5.96  ,14.32,2.4454  
27,12,1.0000,4.850  ,0.6348  ,11.83,5.42  ,14.04,2.2029  
28,13,1.0000,4.850  ,0.5921  ,12.67,5.02  ,14.88,2.0466  
29,14,1.0000,4.850  ,0.6486  ,13.91,5.39  ,16.11,2.2535  
30,15,1.0000,4.853  ,0.6679  ,14.55,5.63  ,16.87,2.3241  
31,16,1.0000,4.893  ,13.9699  ,93.37,116.17  ,92.51,51.0445  
32,17,1.0000,4.890  ,14.9651  ,93.97,123.70  ,92.99,54.6897  
33,18,1.0000,4.883  ,13.1778  ,93.76,109.71  ,92.71,48.1437  
34,19,1.0000,4.887  ,11.9481  ,93.02,100.01  ,91.99,43.6396  
35,20,1.0000,4.883  ,12.4102  ,93.08,103.58  ,92.00,45.3322  
36,21,1.0000,4.853  ,0.0046  ,4.85,0.03  ,4.10,n.a.
37,A-5x,1.0000,4.867  ,5.4912  ,16.95,46.57  ,17.48,19.9901  
38,MQ Blank 1,1.0000,n.a.,n.a.,n.a.,n.a.,n.a.,n.a.
39,22,1.0000,4.860  ,0.5095  ,4.88,4.56  ,6.81,1.7441  
40,23,1.0000,4.850  ,0.5351  ,5.04,4.51  ,6.68,1.8377  
41,24,1.0000,4.850  ,0.5245  ,4.91,4.49  ,6.63,1.7989  
42,25,1.0000,4.850  ,0.5199  ,4.94,4.51  ,6.73,1.7821  
43,26,1.0000,4.850  ,0.5244  ,5.02,4.42  ,6.64,1.7987  
44,27,1.0000,4.850  ,0.5018  ,60.47,4.43  ,61.37,1.7159  
45,28,1.0000,4.863  ,0.5061  ,60.56,4.45  ,61.36,1.7314  
46,29,1.0000,4.847  ,0.4861  ,57.94,4.27  ,59.06,1.6581  
47,30,1.0000,4.853  ,0.5338  ,59.53,4.71  ,60.50,1.8330  
48,31,1.0000,4.853  ,0.5125  ,59.62,4.51  ,60.43,1.7549  
49,32,1.0000,4.863  ,0.8038  ,10.24,6.43  ,11.86,2.8218  
50,33,1.0000,4.857  ,0.7871  ,11.30,6.50  ,13.36,2.7608  
51,34,1.0000,4.850  ,0.8223  ,12.01,6.73  ,14.07,2.8897  
52,35,1.0000,4.860  ,1.1213  ,19.43,7.12  ,18.39,3.9846  
53,36,1.0000,4.857  ,1.1179  ,18.67,7.63  ,18.45,3.9724  
54,37,1.0000,4.893  ,17.4651  ,93.49,142.18  ,92.77,63.8462  
55,5 ppm F/10 ppm Anion  Std,1.0000,4.857  ,2.7748  ,16.30,23.87  ,15.56,10.0408  
56,38,1.0000,4.887  ,16.9943  ,93.55,139.19  ,92.76,62.1219  
57,39,1.0000,4.893  ,17.6629  ,94.25,143.79  ,93.47,64.5708  
58,40,1.0000,4.897  ,18.2891  ,94.11,148.58  ,93.50,66.8645  
59,41,1.0000,4.897  ,20.0192  ,94.02,161.12  ,93.56,73.2013  
60,42,1.0000,4.847  ,0.0059  ,4.47,0.05  ,5.67,n.a.
61,A-400x,1.0000,4.853  ,0.0638  ,14.63,0.55  ,14.42,0.1114  
62,MQ Blank 2,1.0000,4.833  ,0.0027  ,3.14,0.01  ,1.85,n.a.
63,43,1.0000,4.847  ,0.5746  ,5.32,4.72  ,6.92,1.9822  
64,44,1.0000,4.847  ,0.5882  ,5.42,4.88  ,7.10,2.0322  
65,45,1.0000,4.853  ,0.5515  ,5.49,4.55  ,7.07,1.8978  
66,46,1.0000,4.853  ,0.3571  ,5.60,2.99  ,6.97,1.1859  
67,47,1.0000,4.847  ,0.4087  ,5.54,3.39  ,6.91,1.3746  
68,48,1.0000,4.853  ,0.5451  ,59.22,4.79  ,59.72,1.8745  
69,49,1.0000,4.857  ,0.5141  ,61.09,4.57  ,61.44,1.7609  
70,50,1.0000,4.847  ,0.5136  ,61.43,4.55  ,61.94,1.7590  
71,51,1.0000,4.847  ,0.5282  ,61.41,4.67  ,62.02,1.8123  
72,52,1.0000,4.843  ,0.5087  ,59.86,4.49  ,60.59,1.7410  
73,53,1.0000,4.853  ,1.3377  ,25.03,9.22  ,24.15,4.7772  
74,54,1.0000,4.860  ,1.2543  ,32.81,9.92  ,35.27,4.4720  
75,55,1.0000,4.857  ,0.7941  ,11.07,6.22  ,12.43,2.7865  
76,56,1.0000,4.860  ,1.2434  ,26.42,9.13  ,26.75,4.4320  
77,57,1.0000,4.857  ,0.7314  ,19.66,4.95  ,18.93,2.5565  
78,58,1.0000,4.893  ,21.1724  ,94.80,169.17  ,94.12,77.4251  
79,59,1.0000,4.903  ,20.9618  ,94.95,167.41  ,94.21,76.6536  
80,60,1.0000,4.893  ,18.4105  ,94.96,149.37  ,94.41,67.3090  
81,61,1.0000,4.893  ,20.1320  ,94.84,161.90  ,94.11,73.6143  
82,62,1.0000,4.893  ,18.9434  ,94.54,153.31  ,93.89,69.2610  
83,63,1.0000,4.847  ,0.0059  ,6.22,0.04  ,6.39,n.a.
84,A-200x,1.0000,4.843  ,0.1389  ,15.66,1.21  ,16.11,0.3864  
85,MQ Blank 3,1.0000,n.a.,n.a.,n.a.,n.a.,n.a.,n.a.
86,64,1.0000,4.857  ,0.5307  ,9.00,3.70  ,9.66,1.8216  
87,65,1.0000,4.857  ,0.5854  ,9.46,4.25  ,10.52,2.0219  
88,66,1.0000,4.850  ,0.6240  ,10.31,4.28  ,10.79,2.1635  
89,67,1.0000,4.853  ,0.5154  ,8.52,3.54  ,8.99,1.7655  
90,68,1.0000,4.853  ,0.5566  ,8.98,4.02  ,9.77,1.9165  
91,69,1.0000,4.847  ,0.6019  ,54.14,5.13  ,53.39,2.0825  
92,70,1.0000,4.847  ,0.5837  ,52.18,4.95  ,51.49,2.0159  
93,71,1.0000,4.850  ,0.5825  ,50.79,4.95  ,50.34,2.0113  
94,72,1.0000,4.850  ,0.5893  ,55.03,5.03  ,54.96,2.0363  
95,73,1.0000,4.850  ,0.5966  ,53.85,5.09  ,53.07,2.0630  
96,74,1.0000,4.863  ,0.8238  ,17.98,5.91  ,19.68,2.8950  
97,75,1.0000,4.863  ,0.7539  ,14.33,5.69  ,16.88,2.6391  
98,76,1.0000,4.857  ,1.0230  ,19.16,5.95  ,16.54,3.6248  
99,77,1.0000,4.857  ,0.7433  ,17.20,5.26  ,19.04,2.6001  
100,78,1.0000,4.857  ,0.8352  ,15.36,6.04  ,16.47,2.9369  
101,79,1.0000,4.887  ,15.6764  ,91.59,129.23  ,91.87,57.2952  
102,80,1.0000,4.890  ,17.4289  ,92.40,142.30  ,92.61,63.7139  
103,81,1.0000,4.893  ,19.7800  ,92.54,159.69  ,92.80,72.3251  
104,82,1.0000,4.887  ,16.9103  ,92.56,138.60  ,92.67,61.8143  
105,83,1.0000,4.883  ,15.1512  ,93.04,124.99  ,93.14,55.3714  
106,84,1.0000,4.843  ,0.0029  ,3.36,0.02  ,3.19,n.a.
107,A-800x,1.0000,4.847  ,0.0320  ,12.96,0.27  ,12.87,n.a.
108,MQ Blank 4,1.0000,n.a.,n.a.,n.a.,n.a.,n.a.,n.a.
109,SB 1,1.0000,4.837  ,0.0047  ,3.84,0.03  ,3.59,n.a.
110,SB 2,1.0000,n.a.,n.a.,n.a.,n.a.,n.a.,n.a.
111,SB 3,1.0000,4.837  ,0.0026  ,3.50,0.01  ,2.28,n.a.
112,SB 4,1.0000,4.833  ,0.0024  ,3.22,0.01  ,1.96,n.a.
113,5 ppm F/10 ppm Anion  Std,1.0000,4.850  ,2.7744  ,16.30,23.89  ,15.57,10.0394  
,Sum:,,524.847  ,426.035  ,3859.385  ,3479.381  ,3903.265  ,1548.265  
,Average:,,4.860  ,3.945  ,35.735  ,32.216  ,36.141  ,16.128  
,Rel.Std.Dev:,,0.359 %,167.509 %,94.829 %,166.925 %,92.532 %,155.658 %
,,,,,,,,
No. ,Name ,Dilution ,Time ,Area ,Rel.Area ,Height ,Rel.Height ,Amount 
,,,min,µS*min,%,µS,%,ppm
,,,CD_1_Total,CD_1_Total,CD_1_Total,CD_1_Total,CD_1_Total,CD_1_Total
,,,Bromide,Bromide,Bromide,Bromide,Bromide,Bromide
1,DI Water,1.0000,n.a.,n.a.,n.a.,n.a.,n.a.,n.a.
2,10 ppm Anion  Std,1.0000,6.277  ,1.6685  ,9.51,13.02  ,8.27,10.3999  
3,DI water,1.0000,n.a.,n.a.,n.a.,n.a.,n.a.,n.a.
4,1600x,1.0000,6.293  ,0.0078  ,4.27,0.06  ,4.38,n.a.
5,800x,1.0000,6.290  ,0.0162  ,6.13,0.13  ,5.97,n.a.
6,400x,1.0000,6.297  ,0.0345  ,7.72,0.28  ,7.06,0.1137  
7,200x,1.0000,6.290  ,0.0772  ,8.57,0.62  ,8.02,0.3827  
8,20x,1.0000,6.287  ,0.8206  ,9.59,6.41  ,8.63,5.0625  
9,5x,1.0000,6.260  ,3.1915  ,9.84,24.94  ,9.34,19.9864  
10,10 ppm Anion  Std,1.0000,6.283  ,1.6674  ,9.50,13.02  ,8.25,10.3927  
11,062,1.0000,n.a.,n.a.,n.a.,n.a.,n.a.,n.a.
12,055,1.0000,n.a.,n.a.,n.a.,n.a.,n.a.,n.a.
13,043,1.0000,n.a.,n.a.,n.a.,n.a.,n.a.,n.a.
14,10 ppm Anion  Std,1.0000,6.273  ,1.6184  ,9.52,12.65  ,8.29,10.0843  
15,10 ppm Anion  Std,1.0000,6.277  ,1.6155  ,9.51,12.64  ,8.28,10.0657  
16,1,1.0000,n.a.,n.a.,n.a.,n.a.,n.a.,n.a.
17,2,1.0000,n.a.,n.a.,n.a.,n.a.,n.a.,n.a.
18,3,1.0000,n.a.,n.a.,n.a.,n.a.,n.a.,n.a.
19,4,1.0000,n.a.,n.a.,n.a.,n.a.,n.a.,n.a.
20,5,1.0000,n.a.,n.a.,n.a.,n.a.,n.a.,n.a.
21,6,1.0000,n.a.,n.a.,n.a.,n.a.,n.a.,n.a.
22,7,1.0000,n.a.,n.a.,n.a.,n.a.,n.a.,n.a.
23,8,1.0000,n.a.,n.a.,n.a.,n.a.,n.a.,n.a.
24,9,1.0000,n.a.,n.a.,n.a.,n.a.,n.a.,n.a.
25,10,1.0000,n.a.,n.a.,n.a.,n.a.,n.a.,n.a.
26,11,1.0000,n.a.,n.a.,n.a.,n.a.,n.a.,n.a.
27,12,1.0000,n.a.,n.a.,n.a.,n.a.,n.a.,n.a.
28,13,1.0000,n.a.,n.a.,n.a.,n.a.,n.a.,n.a.
29,14,1.0000,n.a.,n.a.,n.a.,n.a.,n.a.,n.a.
30,15,1.0000,n.a.,n.a.,n.a.,n.a.,n.a.,n.a.
31,16,1.0000,n.a.,n.a.,n.a.,n.a.,n.a.,n.a.
32,17,1.0000,n.a.,n.a.,n.a.,n.a.,n.a.,n.a.
33,18,1.0000,n.a.,n.a.,n.a.,n.a.,n.a.,n.a.
34,19,1.0000,n.a.,n.a.,n.a.,n.a.,n.a.,n.a.
35,20,1.0000,n.a.,n.a.,n.a.,n.a.,n.a.,n.a.
36,21,1.0000,n.a.,n.a.,n.a.,n.a.,n.a.,n.a.
37,A-5x,1.0000,6.260  ,3.1962  ,9.86,24.98  ,9.38,20.0159  
38,MQ Blank 1,1.0000,n.a.,n.a.,n.a.,n.a.,n.a.,n.a.
39,22,1.0000,n.a.,n.a.,n.a.,n.a.,n.a.,n.a.
40,23,1.0000,n.a.,n.a.,n.a.,n.a.,n.a.,n.a.
41,24,1.0000,n.a.,n.a.,n.a.,n.a.,n.a.,n.a.
42,25,1.0000,n.a.,n.a.,n.a.,n.a.,n.a.,n.a.
43,26,1.0000,n.a.,n.a.,n.a.,n.a.,n.a.,n.a.
44,27,1.0000,n.a.,n.a.,n.a.,n.a.,n.a.,n.a.
45,28,1.0000,n.a.,n.a.,n.a.,n.a.,n.a.,n.a.
46,29,1.0000,n.a.,n.a.,n.a.,n.a.,n.a.,n.a.
47,30,1.0000,n.a.,n.a.,n.a.,n.a.,n.a.,n.a.
48,31,1.0000,n.a.,n.a.,n.a.,n.a.,n.a.,n.a.
49,32,1.0000,n.a.,n.a.,n.a.,n.a.,n.a.,n.a.
50,33,1.0000,n.a.,n.a.,n.a.,n.a.,n.a.,n.a.
51,34,1.0000,n.a.,n.a.,n.a.,n.a.,n.a.,n.a.
52,35,1.0000,n.a.,n.a.,n.a.,n.a.,n.a.,n.a.
53,36,1.0000,n.a.,n.a.,n.a.,n.a.,n.a.,n.a.
54,37,1.0000,n.a.,n.a.,n.a.,n.a.,n.a.,n.a.
55,5 ppm F/10 ppm Anion  Std,1.0000,6.270  ,1.6193  ,9.51,12.67  ,8.26,10.0897  
56,38,1.0000,n.a.,n.a.,n.a.,n.a.,n.a.,n.a.
57,39,1.0000,n.a.,n.a.,n.a.,n.a.,n.a.,n.a.
58,40,1.0000,n.a.,n.a.,n.a.,n.a.,n.a.,n.a.
59,41,1.0000,n.a.,n.a.,n.a.,n.a.,n.a.,n.a.
60,42,1.0000,n.a.,n.a.,n.a.,n.a.,n.a.,n.a.
61,A-400x,1.0000,6.290  ,0.0340  ,7.79,0.27  ,7.19,0.1107  
62,MQ Blank 2,1.0000,n.a.,n.a.,n.a.,n.a.,n.a.,n.a.
63,43,1.0000,n.a.,n.a.,n.a.,n.a.,n.a.,n.a.
64,44,1.0000,n.a.,n.a.,n.a.,n.a.,n.a.,n.a.
65,45,1.0000,n.a.,n.a.,n.a.,n.a.,n.a.,n.a.
66,46,1.0000,n.a.,n.a.,n.a.,n.a.,n.a.,n.a.
67,47,1.0000,n.a.,n.a.,n.a.,n.a.,n.a.,n.a.
68,48,1.0000,n.a.,n.a.,n.a.,n.a.,n.a.,n.a.
69,49,1.0000,n.a.,n.a.,n.a.,n.a.,n.a.,n.a.
70,50,1.0000,n.a.,n.a.,n.a.,n.a.,n.a.,n.a.
71,51,1.0000,n.a.,n.a.,n.a.,n.a.,n.a.,n.a.
72,52,1.0000,n.a.,n.a.,n.a.,n.a.,n.a.,n.a.
73,53,1.0000,n.a.,n.a.,n.a.,n.a.,n.a.,n.a.
74,54,1.0000,n.a.,n.a.,n.a.,n.a.,n.a.,n.a.
75,55,1.0000,n.a.,n.a.,n.a.,n.a.,n.a.,n.a.
76,56,1.0000,n.a.,n.a.,n.a.,n.a.,n.a.,n.a.
77,57,1.0000,n.a.,n.a.,n.a.,n.a.,n.a.,n.a.
78,58,1.0000,n.a.,n.a.,n.a.,n.a.,n.a.,n.a.
79,59,1.0000,n.a.,n.a.,n.a.,n.a.,n.a.,n.a.
80,60,1.0000,n.a.,n.a.,n.a.,n.a.,n.a.,n.a.
81,61,1.0000,n.a.,n.a.,n.a.,n.a.,n.a.,n.a.
82,62,1.0000,n.a.,n.a.,n.a.,n.a.,n.a.,n.a.
83,63,1.0000,n.a.,n.a.,n.a.,n.a.,n.a.,n.a.
84,A-200x,1.0000,6.280  ,0.0768  ,8.66,0.62  ,8.19,0.3800  
85,MQ Blank 3,1.0000,n.a.,n.a.,n.a.,n.a.,n.a.,n.a.
86,64,1.0000,6.270  ,0.0068  ,0.11,0.05  ,0.12,n.a.
87,65,1.0000,6.267  ,0.0062  ,0.10,0.04  ,0.10,n.a.
88,66,1.0000,6.270  ,0.0057  ,0.09,0.04  ,0.10,n.a.
89,67,1.0000,6.263  ,0.0066  ,0.11,0.05  ,0.12,n.a.
90,68,1.0000,6.263  ,0.0062  ,0.10,0.04  ,0.10,n.a.
91,69,1.0000,n.a.,n.a.,n.a.,n.a.,n.a.,n.a.
92,70,1.0000,n.a.,n.a.,n.a.,n.a.,n.a.,n.a.
93,71,1.0000,n.a.,n.a.,n.a.,n.a.,n.a.,n.a.
94,72,1.0000,n.a.,n.a.,n.a.,n.a.,n.a.,n.a.
95,73,1.0000,n.a.,n.a.,n.a.,n.a.,n.a.,n.a.
96,74,1.0000,n.a.,n.a.,n.a.,n.a.,n.a.,n.a.
97,75,1.0000,n.a.,n.a.,n.a.,n.a.,n.a.,n.a.
98,76,1.0000,6.277  ,0.0091  ,0.17,0.06  ,0.16,n.a.
99,77,1.0000,6.273  ,0.0104  ,0.24,0.06  ,0.22,n.a.
100,78,1.0000,6.277  ,0.0087  ,0.16,0.07  ,0.19,n.a.
101,79,1.0000,6.267  ,0.0064  ,0.04,0.03  ,0.02,n.a.
102,80,1.0000,6.263  ,0.0076  ,0.04,0.04  ,0.02,n.a.
103,81,1.0000,6.263  ,0.0088  ,0.04,0.04  ,0.03,n.a.
104,82,1.0000,6.257  ,0.0061  ,0.03,0.03  ,0.02,n.a.
105,83,1.0000,6.260  ,0.0056  ,0.03,0.03  ,0.02,n.a.
106,84,1.0000,n.a.,n.a.,n.a.,n.a.,n.a.,n.a.
107,A-800x,1.0000,6.283  ,0.0160  ,6.48,0.13  ,6.20,n.a.
108,MQ Blank 4,1.0000,n.a.,n.a.,n.a.,n.a.,n.a.,n.a.
109,SB 1,1.0000,n.a.,n.a.,n.a.,n.a.,n.a.,n.a.
110,SB 2,1.0000,n.a.,n.a.,n.a.,n.a.,n.a.,n.a.
111,SB 3,1.0000,n.a.,n.a.,n.a.,n.a.,n.a.,n.a.
112,SB 4,1.0000,n.a.,n.a.,n.a.,n.a.,n.a.,n.a.
113,5 ppm F/10 ppm Anion  Std,1.0000,6.267  ,1.6153  ,9.49,12.66  ,8.25,10.0647  
,Sum:,,181.947  ,17.369  ,137.218  ,135.684  ,125.199  ,107.149  
,Average:,,6.274  ,0.599  ,4.732  ,4.679  ,4.317  ,8.242  
,Rel.Std.Dev:,,0.181 %,163.076 %,93.292 %,163.222 %,92.393 %,83.263 %
,,,,,,,,
No. ,Name ,Dilution ,Time ,Area ,Rel.Area ,Height ,Rel.Height ,Amount 
,,,min,mAU*min,%,mAU,%,ppm
,,,UV_VIS_1,UV_VIS_1,UV_VIS_1,UV_VIS_1,UV_VIS_1,UV_VIS_1
,,,Nitrate UV,Nitrate UV,Nitrate UV,Nitrate UV,Nitrate UV,Nitrate UV
1,DI Water,1.0000,n.a.,n.a.,n.a.,n.a.,n.a.,n.a.
2,10 ppm Anion  Std,1.0000,6.686  ,35.1915  ,45.56,220.90  ,41.54,10.3403  
3,DI water,1.0000,n.a.,n.a.,n.a.,n.a.,n.a.,n.a.
4,1600x,1.0000,6.707  ,0.4545  ,58.34,3.04  ,53.47,n.a.
5,800x,1.0000,6.715  ,0.6032  ,49.30,3.92  ,44.15,n.a.
6,400x,1.0000,6.711  ,1.0103  ,42.16,6.48  ,38.22,0.0837  
7,200x,1.0000,6.711  ,2.0331  ,41.01,12.58  ,37.19,0.3906  
8,20x,1.0000,6.690  ,17.9916  ,43.87,113.97  ,40.31,5.1792  
9,5x,1.0000,6.657  ,67.2436  ,46.69,409.15  ,42.75,19.9579  
10,10 ppm Anion  Std,1.0000,6.678  ,35.2409  ,45.66,220.84  ,41.49,10.3551  
11,062,1.0000,n.a.,n.a.,n.a.,n.a.,n.a.,n.a.
12,055,1.0000,6.619  ,137.8662  ,98.81,792.92  ,98.80,41.1493  
13,043,1.0000,6.649  ,79.0155  ,99.23,484.97  ,99.54,23.4903  
14,10 ppm Anion  Std,1.0000,6.682  ,35.2913  ,46.24,222.05  ,42.13,10.3702  
15,10 ppm Anion  Std,1.0000,6.686  ,35.2578  ,46.30,221.72  ,42.08,10.3602  
16,1,1.0000,6.616  ,140.7465  ,99.38,807.58  ,99.70,42.0135  
17,2,1.0000,6.624  ,136.2893  ,99.26,785.59  ,99.63,40.6761  
18,3,1.0000,6.620  ,133.2092  ,99.18,770.23  ,99.52,39.7519  
19,4,1.0000,6.616  ,142.5632  ,99.28,816.88  ,99.62,42.5587  
20,5,1.0000,6.616  ,141.6042  ,99.29,811.74  ,99.56,42.2709  
21,6,1.0000,6.703  ,2.5232  ,75.00,16.75  ,86.13,0.5377  
22,7,1.0000,6.703  ,2.7946  ,76.65,18.46  ,87.51,0.6191  
23,8,1.0000,6.703  ,3.1600  ,77.17,19.27  ,88.33,0.7288  
24,9,1.0000,6.703  ,2.9782  ,76.36,19.77  ,87.07,0.6742  
25,10,1.0000,6.708  ,2.8411  ,76.48,17.58  ,87.28,0.6331  
26,11,1.0000,6.657  ,70.9024  ,98.73,438.59  ,99.42,21.0558  
27,12,1.0000,6.657  ,63.9603  ,98.98,400.82  ,99.45,18.9728  
28,13,1.0000,6.670  ,53.4478  ,98.10,337.21  ,99.07,15.8183  
29,14,1.0000,6.670  ,49.3204  ,98.04,313.99  ,98.97,14.5799  
30,15,1.0000,6.670  ,49.1793  ,98.30,311.93  ,99.23,14.5375  
31,16,1.0000,6.712  ,0.5010  ,34.76,2.81  ,57.73,n.a.
32,17,1.0000,6.703  ,0.9394  ,52.63,3.53  ,62.63,0.0624  
33,18,1.0000,6.703  ,0.8066  ,49.24,3.73  ,64.88,0.0226  
34,19,1.0000,6.707  ,1.8457  ,63.75,10.90  ,84.74,0.3344  
35,20,1.0000,6.712  ,1.4171  ,58.38,7.58  ,78.92,0.2058  
36,21,1.0000,6.703  ,0.1322  ,100.00,0.88  ,100.00,n.a.
37,A-5x,1.0000,6.653  ,71.9845  ,49.15,422.68  ,43.67,21.3805  
38,MQ Blank 1,1.0000,6.708  ,0.0669  ,100.00,0.45  ,100.00,n.a.
39,22,1.0000,6.612  ,149.3948  ,99.44,851.87  ,99.47,44.6086  
40,23,1.0000,6.616  ,151.9190  ,99.33,862.36  ,99.62,45.3660  
41,24,1.0000,6.616  ,152.1934  ,99.19,864.14  ,99.42,45.4484  
42,25,1.0000,6.616  ,150.6249  ,99.26,855.14  ,99.48,44.9777  
43,26,1.0000,6.620  ,149.1309  ,99.22,848.86  ,99.45,44.5294  
44,27,1.0000,6.703  ,2.3649  ,72.43,15.72  ,83.91,0.4902  
45,28,1.0000,6.699  ,2.2726  ,70.69,15.06  ,82.02,0.4625  
46,29,1.0000,6.708  ,2.5849  ,74.57,17.15  ,84.59,0.5562  
47,30,1.0000,6.703  ,3.0567  ,73.82,18.81  ,84.76,0.6978  
48,31,1.0000,6.703  ,2.9309  ,72.51,17.29  ,85.07,0.6600  
49,32,1.0000,6.641  ,92.7444  ,98.56,560.29  ,99.21,27.6098  
50,33,1.0000,6.649  ,78.9420  ,98.74,486.11  ,99.08,23.4682  
51,34,1.0000,6.653  ,74.8514  ,97.55,463.15  ,97.46,22.2408  
52,35,1.0000,6.666  ,51.7329  ,97.55,328.70  ,97.52,15.3038  
53,36,1.0000,6.662  ,57.0300  ,97.18,360.02  ,97.12,16.8932  
54,37,1.0000,6.703  ,3.0177  ,74.40,18.16  ,90.61,0.6861  
55,5 ppm F/10 ppm Anion  Std,1.0000,6.674  ,35.2659  ,46.47,222.24  ,42.04,10.3626  
56,38,1.0000,6.699  ,2.6139  ,73.21,15.90  ,90.25,0.5649  
57,39,1.0000,6.703  ,1.0332  ,57.08,5.25  ,71.67,0.0906  
58,40,1.0000,6.703  ,1.0594  ,56.32,5.06  ,66.09,0.0985  
59,41,1.0000,6.708  ,0.9289  ,62.99,5.21  ,76.61,0.0593  
60,42,1.0000,6.703  ,0.2927  ,100.00,1.97  ,100.00,n.a.
61,A-400x,1.0000,6.699  ,0.9459  ,45.10,6.08  ,38.86,0.0644  
62,MQ Blank 2,1.0000,6.707  ,0.0666  ,100.00,0.46  ,100.00,n.a.
63,43,1.0000,6.612  ,151.7512  ,99.29,862.00  ,99.47,45.3157  
64,44,1.0000,6.612  ,153.0596  ,99.34,868.33  ,99.53,45.7083  
65,45,1.0000,6.612  ,140.6184  ,99.17,809.64  ,99.45,41.9751  
66,46,1.0000,6.641  ,88.3685  ,99.30,539.58  ,99.37,26.2968  
67,47,1.0000,6.637  ,103.5363  ,99.08,620.94  ,99.38,30.8481  
68,48,1.0000,6.699  ,2.6237  ,74.63,17.44  ,85.76,0.5679  
69,49,1.0000,6.699  ,2.4332  ,82.39,16.08  ,92.30,0.5107  
70,50,1.0000,6.703  ,2.2179  ,71.40,13.87  ,85.31,0.4461  
71,51,1.0000,6.703  ,2.4396  ,74.41,15.30  ,86.63,0.5126  
72,52,1.0000,6.699  ,2.3906  ,73.46,15.82  ,85.39,0.4979  
73,53,1.0000,6.674  ,41.4657  ,96.29,266.32  ,96.35,12.2229  
74,54,1.0000,6.691  ,15.8741  ,90.36,104.23  ,90.60,4.5438  
75,55,1.0000,6.645  ,79.9186  ,98.49,491.64  ,98.81,23.7613  
76,56,1.0000,6.674  ,34.3747  ,94.78,221.56  ,95.47,10.0952  
77,57,1.0000,6.678  ,33.1404  ,95.97,214.31  ,96.68,9.7248  
78,58,1.0000,6.699  ,0.0900  ,9.81,0.31  ,14.79,n.a.
79,59,1.0000,n.a.,n.a.,n.a.,n.a.,n.a.,n.a.
80,60,1.0000,n.a.,n.a.,n.a.,n.a.,n.a.,n.a.
81,61,1.0000,n.a.,n.a.,n.a.,n.a.,n.a.,n.a.
82,62,1.0000,6.695  ,0.2659  ,29.18,1.79  ,48.54,n.a.
83,63,1.0000,6.699  ,0.3231  ,100.00,2.18  ,100.00,n.a.
84,A-200x,1.0000,6.699  ,1.9677  ,41.08,12.40  ,38.04,0.3710  
85,MQ Blank 3,1.0000,6.699  ,0.0744  ,100.00,0.48  ,100.00,n.a.
86,64,1.0000,6.653  ,62.4700  ,96.72,392.64  ,95.62,18.5256  
87,65,1.0000,6.653  ,67.2151  ,97.44,420.31  ,96.62,19.9494  
88,66,1.0000,6.653  ,66.2617  ,96.32,414.93  ,95.18,19.6633  
89,67,1.0000,6.657  ,64.2244  ,94.99,403.22  ,93.25,19.0520  
90,68,1.0000,6.653  ,65.6956  ,92.83,411.74  ,90.33,19.4935  
91,69,1.0000,6.703  ,1.3289  ,82.78,8.82  ,86.70,0.1793  
92,70,1.0000,6.699  ,1.4917  ,84.25,9.91  ,87.88,0.2282  
93,71,1.0000,6.695  ,1.8380  ,86.77,12.20  ,89.99,0.3321  
94,72,1.0000,6.695  ,1.7020  ,86.01,11.35  ,89.49,0.2913  
95,73,1.0000,6.699  ,1.3720  ,83.01,9.16  ,86.99,0.1923  
96,74,1.0000,6.678  ,28.1315  ,97.41,183.22  ,98.03,8.2218  
97,75,1.0000,6.678  ,30.5099  ,98.44,197.61  ,98.71,8.9355  
98,76,1.0000,6.670  ,41.1699  ,98.04,264.97  ,98.52,12.1342  
99,77,1.0000,6.687  ,27.3417  ,97.48,178.03  ,98.33,7.9848  
100,78,1.0000,6.670  ,38.9712  ,98.22,251.17  ,98.77,11.4744  
101,79,1.0000,6.703  ,1.4207  ,67.38,9.46  ,82.89,0.2069  
102,80,1.0000,6.703  ,1.0324  ,56.26,6.89  ,69.06,0.0903  
103,81,1.0000,6.703  ,1.2851  ,59.12,8.18  ,77.00,0.1662  
104,82,1.0000,6.703  ,1.2279  ,57.82,6.93  ,75.82,0.1490  
105,83,1.0000,6.695  ,1.1092  ,60.54,5.66  ,74.25,0.1134  
106,84,1.0000,n.a.,n.a.,n.a.,n.a.,n.a.,n.a.
107,A-800x,1.0000,6.691  ,0.5219  ,52.79,3.39  ,45.97,n.a.
108,MQ Blank 4,1.0000,n.a.,n.a.,n.a.,n.a.,n.a.,n.a.
109,SB 1,1.0000,6.695  ,0.3971  ,100.00,2.68  ,100.00,n.a.
110,SB 2,1.0000,6.708  ,0.0429  ,64.80,0.32  ,59.67,n.a.
111,SB 3,1.0000,n.a.,n.a.,n.a.,n.a.,n.a.,n.a.
112,SB 4,1.0000,n.a.,n.a.,n.a.,n.a.,n.a.,n.a.
113,5 ppm F/10 ppm Anion  Std,1.0000,6.670  ,35.2329  ,46.53,221.95  ,42.05,10.3527  
,Sum:,,687.784  ,4086.338  ,8091.279  ,24425.496  ,8471.990  ,1205.484  
,Average:,,6.678  ,39.673  ,78.556  ,237.141  ,82.252  ,13.545  
,Rel.Std.Dev:,,0.471 %,126.349 %,28.363 %,122.261 %,26.304 %,113.538 %
,,,,,,,,
No. ,Name ,Dilution ,Time ,Area ,Rel.Area ,Height ,Rel.Height ,Amount 
,,,min,µS*min,%,µS,%,ppm
,,,CD_1_Total,CD_1_Total,CD_1_Total,CD_1_Total,CD_1_Total,CD_1_Total
,,,Phosphate,Phosphate,Phosphate,Phosphate,Phosphate,Phosphate
1,DI Water,1.0000,n.a.,n.a.,n.a.,n.a.,n.a.,n.a.
2,10 ppm Anion  Std,1.0000,8.990  ,1.2160  ,6.93,5.66  ,3.59,10.1539  
3,DI water,1.0000,n.a.,n.a.,n.a.,n.a.,n.a.,n.a.
4,1600x,1.0000,9.050  ,0.0116  ,6.33,0.05  ,3.58,0.1095  
5,800x,1.0000,9.047  ,0.0243  ,9.23,0.11  ,5.01,0.2156  
6,400x,1.0000,9.053  ,0.0501  ,11.21,0.23  ,5.87,0.4303  
7,200x,1.0000,9.037  ,0.1149  ,12.75,0.53  ,6.93,0.9707  
8,20x,1.0000,8.993  ,1.2218  ,14.28,5.63  ,7.59,10.2027  
9,5x,1.0000,8.867  ,4.7888  ,14.76,19.10  ,7.15,39.9512  
10,10 ppm Anion  Std,1.0000,9.000  ,1.2293  ,7.00,5.69  ,3.61,10.2652  
11,062,1.0000,n.a.,n.a.,n.a.,n.a.,n.a.,n.a.
12,055,1.0000,9.073  ,0.0553  ,0.46,0.23  ,0.29,0.4738  
13,043,1.0000,9.070  ,0.0117  ,0.21,0.05  ,0.12,0.1103  
14,10 ppm Anion  Std,1.0000,8.993  ,1.1638  ,6.85,5.42  ,3.55,9.7189  
15,10 ppm Anion  Std,1.0000,8.997  ,1.1799  ,6.94,5.45  ,3.57,9.8534  
16,1,1.0000,9.070  ,0.0163  ,0.17,0.06  ,0.09,0.1489  
17,2,1.0000,9.063  ,0.0148  ,0.16,0.04  ,0.07,0.1362  
18,3,1.0000,9.070  ,0.0119  ,0.13,0.04  ,0.07,0.1125  
19,4,1.0000,9.050  ,0.0156  ,0.16,0.06  ,0.09,0.1432  
20,5,1.0000,9.070  ,0.0164  ,0.17,0.06  ,0.10,0.1498  
21,6,1.0000,n.a.,n.a.,n.a.,n.a.,n.a.,n.a.
22,7,1.0000,n.a.,n.a.,n.a.,n.a.,n.a.,n.a.
23,8,1.0000,n.a.,n.a.,n.a.,n.a.,n.a.,n.a.
24,9,1.0000,n.a.,n.a.,n.a.,n.a.,n.a.,n.a.
25,10,1.0000,n.a.,n.a.,n.a.,n.a.,n.a.,n.a.
26,11,1.0000,9.063  ,0.0278  ,0.47,0.10  ,0.23,0.2449  
27,12,1.0000,9.060  ,0.0225  ,0.42,0.08  ,0.21,0.2001  
28,13,1.0000,9.053  ,0.0378  ,0.81,0.14  ,0.42,0.3283  
29,14,1.0000,9.053  ,0.0296  ,0.63,0.11  ,0.31,0.2597  
30,15,1.0000,9.053  ,0.0341  ,0.74,0.13  ,0.39,0.2972  
31,16,1.0000,n.a.,n.a.,n.a.,n.a.,n.a.,n.a.
32,17,1.0000,n.a.,n.a.,n.a.,n.a.,n.a.,n.a.
33,18,1.0000,n.a.,n.a.,n.a.,n.a.,n.a.,n.a.
34,19,1.0000,9.097  ,0.0028  ,0.02,0.01  ,0.01,0.0362  
35,20,1.0000,9.097  ,0.0023  ,0.02,0.01  ,0.01,0.0320  
36,21,1.0000,n.a.,n.a.,n.a.,n.a.,n.a.,n.a.
37,A-5x,1.0000,8.867  ,4.7490  ,14.66,18.99  ,7.13,39.6191  
38,MQ Blank 1,1.0000,n.a.,n.a.,n.a.,n.a.,n.a.,n.a.
39,22,1.0000,9.063  ,0.0228  ,0.22,0.09  ,0.14,0.2028  
40,23,1.0000,9.057  ,0.0219  ,0.21,0.08  ,0.12,0.1959  
41,24,1.0000,9.060  ,0.0238  ,0.22,0.09  ,0.13,0.2110  
42,25,1.0000,9.057  ,0.0189  ,0.18,0.07  ,0.11,0.1704  
43,26,1.0000,9.057  ,0.0249  ,0.24,0.09  ,0.13,0.2204  
44,27,1.0000,n.a.,n.a.,n.a.,n.a.,n.a.,n.a.
45,28,1.0000,n.a.,n.a.,n.a.,n.a.,n.a.,n.a.
46,29,1.0000,n.a.,n.a.,n.a.,n.a.,n.a.,n.a.
47,30,1.0000,n.a.,n.a.,n.a.,n.a.,n.a.,n.a.
48,31,1.0000,n.a.,n.a.,n.a.,n.a.,n.a.,n.a.
49,32,1.0000,9.063  ,0.0380  ,0.48,0.16  ,0.30,0.3294  
50,33,1.0000,9.060  ,0.0495  ,0.71,0.22  ,0.44,0.4254  
51,34,1.0000,9.047  ,0.0524  ,0.76,0.23  ,0.48,0.4497  
52,35,1.0000,9.063  ,0.0315  ,0.55,0.12  ,0.32,0.2754  
53,36,1.0000,9.060  ,0.0375  ,0.63,0.15  ,0.37,0.3252  
54,37,1.0000,9.110  ,0.0031  ,0.02,0.01  ,0.01,0.0389  
55,5 ppm F/10 ppm Anion  Std,1.0000,8.987  ,1.1760  ,6.91,5.47  ,3.57,9.8207  
56,38,1.0000,9.097  ,0.0027  ,0.01,0.01  ,0.01,0.0350  
57,39,1.0000,n.a.,n.a.,n.a.,n.a.,n.a.,n.a.
58,40,1.0000,n.a.,n.a.,n.a.,n.a.,n.a.,n.a.
59,41,1.0000,9.123  ,0.0026  ,0.01,0.01  ,0.00,0.0344  
60,42,1.0000,n.a.,n.a.,n.a.,n.a.,n.a.,n.a.
61,A-400x,1.0000,9.050  ,0.0469  ,10.75,0.20  ,5.38,0.4036  
62,MQ Blank 2,1.0000,n.a.,n.a.,n.a.,n.a.,n.a.,n.a.
63,43,1.0000,9.057  ,0.0236  ,0.22,0.08  ,0.11,0.2099  
64,44,1.0000,9.053  ,0.0261  ,0.24,0.09  ,0.13,0.2306  
65,45,1.0000,9.057  ,0.0230  ,0.23,0.09  ,0.14,0.2045  
66,46,1.0000,n.a.,n.a.,n.a.,n.a.,n.a.,n.a.
67,47,1.0000,9.043  ,0.0158  ,0.21,0.06  ,0.12,0.1442  
68,48,1.0000,n.a.,n.a.,n.a.,n.a.,n.a.,n.a.
69,49,1.0000,n.a.,n.a.,n.a.,n.a.,n.a.,n.a.
70,50,1.0000,n.a.,n.a.,n.a.,n.a.,n.a.,n.a.
71,51,1.0000,n.a.,n.a.,n.a.,n.a.,n.a.,n.a.
72,52,1.0000,n.a.,n.a.,n.a.,n.a.,n.a.,n.a.
73,53,1.0000,9.050  ,0.0274  ,0.51,0.11  ,0.30,0.2415  
74,54,1.0000,9.050  ,0.0206  ,0.54,0.08  ,0.30,0.1849  
75,55,1.0000,9.053  ,0.0467  ,0.65,0.20  ,0.40,0.4026  
76,56,1.0000,9.057  ,0.0338  ,0.72,0.14  ,0.42,0.2945  
77,57,1.0000,9.053  ,0.0391  ,1.05,0.17  ,0.65,0.3389  
78,58,1.0000,9.107  ,0.0024  ,0.01,0.01  ,0.00,0.0326  
79,59,1.0000,9.130  ,0.0024  ,0.01,0.01  ,0.00,0.0327  
80,60,1.0000,9.107  ,0.0030  ,0.02,0.01  ,0.01,0.0379  
81,61,1.0000,n.a.,n.a.,n.a.,n.a.,n.a.,n.a.
82,62,1.0000,9.103  ,0.0032  ,0.02,0.01  ,0.01,0.0399  
83,63,1.0000,n.a.,n.a.,n.a.,n.a.,n.a.,n.a.
84,A-200x,1.0000,9.023  ,0.1109  ,12.51,0.50  ,6.69,0.9378  
85,MQ Blank 3,1.0000,n.a.,n.a.,n.a.,n.a.,n.a.,n.a.
86,64,1.0000,9.057  ,0.0229  ,0.39,0.07  ,0.18,0.2035  
87,65,1.0000,9.060  ,0.0209  ,0.34,0.06  ,0.15,0.1872  
88,66,1.0000,9.050  ,0.0164  ,0.27,0.04  ,0.11,0.1499  
89,67,1.0000,9.053  ,0.0171  ,0.28,0.05  ,0.13,0.1558  
90,68,1.0000,9.053  ,0.0231  ,0.37,0.07  ,0.17,0.2052  
91,69,1.0000,n.a.,n.a.,n.a.,n.a.,n.a.,n.a.
92,70,1.0000,n.a.,n.a.,n.a.,n.a.,n.a.,n.a.
93,71,1.0000,n.a.,n.a.,n.a.,n.a.,n.a.,n.a.
94,72,1.0000,n.a.,n.a.,n.a.,n.a.,n.a.,n.a.
95,73,1.0000,n.a.,n.a.,n.a.,n.a.,n.a.,n.a.
96,74,1.0000,9.060  ,0.0489  ,1.07,0.20  ,0.67,0.4210  
97,75,1.0000,9.050  ,0.0817  ,1.55,0.32  ,0.95,0.6945  
98,76,1.0000,9.047  ,0.0618  ,1.16,0.25  ,0.70,0.5286  
99,77,1.0000,9.047  ,0.0724  ,1.68,0.30  ,1.09,0.6168  
100,78,1.0000,9.053  ,0.0533  ,0.98,0.21  ,0.58,0.4578  
101,79,1.0000,9.077  ,0.0061  ,0.04,0.02  ,0.01,0.0640  
102,80,1.0000,9.087  ,0.0036  ,0.02,0.01  ,0.01,0.0431  
103,81,1.0000,n.a.,n.a.,n.a.,n.a.,n.a.,n.a.
104,82,1.0000,9.077  ,0.0069  ,0.04,0.02  ,0.02,0.0706  
105,83,1.0000,9.070  ,0.0046  ,0.03,0.01  ,0.01,0.0512  
106,84,1.0000,n.a.,n.a.,n.a.,n.a.,n.a.,n.a.
107,A-800x,1.0000,9.030  ,0.0233  ,9.41,0.10  ,4.85,0.2068  
108,MQ Blank 4,1.0000,n.a.,n.a.,n.a.,n.a.,n.a.,n.a.
109,SB 1,1.0000,n.a.,n.a.,n.a.,n.a.,n.a.,n.a.
110,SB 2,1.0000,n.a.,n.a.,n.a.,n.a.,n.a.,n.a.
111,SB 3,1.0000,n.a.,n.a.,n.a.,n.a.,n.a.,n.a.
112,SB 4,1.0000,n.a.,n.a.,n.a.,n.a.,n.a.,n.a.
113,5 ppm F/10 ppm Anion  Std,1.0000,8.970  ,1.1832  ,6.95,5.47  ,3.56,9.8809  
,Sum:,,633.574  ,19.625  ,178.920  ,83.761  ,93.972  ,164.571  
,Average:,,9.051  ,0.280  ,2.556  ,1.197  ,1.342  ,2.351  
,Rel.Std.Dev:,,0.485 %,303.872 %,167.063 %,291.885 %,163.783 %,302.211 %
,,,,,,,,
,,,,,,,,
,,,,,,,,
,,,,,,,,
,,,,,,,,
,,,,,,,,
,,,,,,,,
,,,,,,,,
,,,,,,,,
,,,,,,,,
,,,,,,,,
,,,,,,,,
,,,,,,,,
,,,,,,,,
,,,,,,,,
,,,,,,,,
,,,,,,,,
,,,,,,,,
,,,,,,,,
,,,,,,,,
,,,,,,,,
,,,,,,,,
,,,,,,,,
,,,,,,,,
,,,,,,,,
,,,,,,,,
,,,,,,,,
,,,,,,,,
,,,,,,,,
,,,,,,,,
,,,,,,,,
,,,,,,,,
,,,,,,,,
,,,,,,,,
,,,,,,,,
,,,,,,,,
,,,,,,,,
,,,,,,,,
,,,,,,,,
,,,,,,,,
,,,,,,,,
,,,,,,,,
,,,,,,,,
,,,,,,,,
,,,,,,,,
,,,,,,,,
,,,,,,,,
,,,,,,,,
,,,,,,,,
,,,,,,,,
,,,,,,,,
,,,,,,,,
,,,,,,,,
,,,,,,,,
,,,,,,,,
,,,,,,,,
,,,,,,,,
,,,,,,,,
,,,,,,,,
,,,,,,,,
,,,,,,,,
,,,,,,,,
,,,,,,,,
,,,,,,,,
,,,,,,,,
,,,,,,,,
,,,,,,,,
,,,,,,,,
,,,,,,,,
,,,,,,,,
,,,,,,,,
,,,,,,,,
,,,,,,,,
,,,,,,,,
,,,,,,,,
,,,,,,,,
,,,,,,,,
,,,,,,,,
,,,,,,,,
,,,,,,,,
,,,,,,,,
,,,,,,,,
,,,,,,,,
,,,,,,,,
,,,,,,,,
,,,,,,,,
,,,,,,,,
,,,,,,,,
,,,,,,,,
,,,,,,,,
,,,,,,,,
,,,,,,,,
,,,,,,,,
,,,,,,,,
,,,,,,,,
,,,,,,,,
,,,,,,,,
,,,,,,,,
,,,,,,,,
,,,,,,,,
,,,,,,,,
,,,,,,,,
,,,,,,,,
,,,,,,,,
,,,,,,,,
,,,,,,,,
,,,,,,,,
,,,,,,,,
,,,,,,,,
,,,,,,,,
,,,,,,,,
,,,,,,,,
,,,,,,,,
,,,,,,,,
,,,,,,,,
,,,,,,,,
,,,,,,,,
,,,,,,,,
,,,,,,,,
,,,,,,,,
,,,,,,,,
,,,,,,,,
,,,,,,,,
,,,,,,,,
,,,,,,,,
,,,,,,,,
,,,,,,,,
,,,,,,,,
,,,,,,,,
,,,,,,,,
,,,,,,,,
,,,,,,,,
,,,,,,,,
,,,,,,,,
,,,,,,,,
,,,,,,,,
,,,,,,,,
,,,,,,,,
,,,,,,,,
,,,,,,,,
,,,,,,,,
,,,,,,,,
,,,,,,,,
,,,,,,,,
,,,,,,,,
,,,,,,,,
,,,,,,,,
,,,,,,,,
,,,,,,,,
,,,,,,,,
,,,,,,,,
,,,,,,,,
,,,,,,,,
,,,,,,,,
,,,,,,,,
,,,,,,,,
,,,,,,,,
,,,,,,,,
,,,,,,,,
,,,,,,,,
,,,,,,,,
,,,,,,,,
,,,,,,,,
,,,,,,,,
,,,,,,,,
,,,,,,,,
,,,,,,,,
,,,,,,,,
,,,,,,,,
,,,,,,,,
,,,,,,,,
,,,,,,,,
,,,,,,,,
,,,,,,,,
,,,,,,,,
,,,,,,,,
,,,,,,,,
,,,,,,,,
,,,,,,,,
,,,,,,,,
,,,,,,,,
,,,,,,,,
,,,,,,,,
,,,,,,,,
,,,,,,,,
,,,,,,,,
,,,,,,,,
,,,,,,,,
,,,,,,,,
,,,,,,,,
,,,,,,,,
,,,,,,,,
,,,,,,,,
,,,,,,,,
,,,,,,,,
,,,,,,,,
,,,,,,,,
,,,,,,,,
,,,,,,,,
,,,,,,,,
,,,,,,,,
,,,,,,,,
,,,,,,,,
,,,,,,,,
,,,,,,,,
,,,,,,,,
,,,,,,,,
,,,,,,,,
,,,,,,,,
,,,,,,,,
,,,,,,,,
,,,,,,,,
,,,,,,,,
,,,,,,,,
,,,,,,,,
,,,,,,,,
,,,,,,,,
,,,,,,,,
,,,,,,,,
,,,,,,,,
,,,,,,,,
,,,,,,,,
,,,,,,,,
,,,,,,,,
,,,,,,,,
,,,,,,,,
,,,,,,,,
,,,,,,,,
,,,,,,,,
,,,,,,,,
,,,,,,,,
,,,,,,,,
,,,,,,,,
,,,,,,,,
,,,,,,,,
,,,,,,,,
,,,,,,,,
,,,,,,,,
,,,,,,,,
,,,,,,,,
,,,,,,,,
,,,,,,,,
,,,,,,,,
,,,,,,,,