,Cation Summary Report,,,,,,
,,,,,,,
No. ,Name ,Time ,Area ,Rel.Area ,Height ,Rel.Height ,Amount 
,,min,µS*min,%,µS,%,mg/l
,,CD_1,CD_1,CD_1,CD_1,CD_1,CD_1
,,Lithium,Lithium,Lithium,Lithium,Lithium,Lithium
1,DI Water,n.a.,n.a.,n.a.,n.a.,n.a.,n.a.
2,!00x Cation Std,6.107  ,1.3493  ,9.80,7.31  ,22.63,0.4838  
3,DI water,n.a.,n.a.,n.a.,n.a.,n.a.,n.a.
4,1600x,6.093  ,0.0711  ,9.52,0.42  ,20.69,0.0306  
5,800x,6.103  ,0.1514  ,9.56,0.87  ,20.94,0.0591  
6,400x,6.097  ,0.3147  ,9.51,1.75  ,21.32,0.1170  
7,200x,6.103  ,0.7261  ,9.66,3.96  ,22.04,0.2629  
8,20x,6.123  ,7.0338  ,10.18,37.06  ,24.64,2.4992  
9,5x,6.130  ,26.8531  ,10.44,129.75  ,27.00,9.5260  
10,!00x Cation Std,6.107  ,1.3493  ,9.84,7.33  ,22.71,0.4838  
11,DI water,n.a.,n.a.,n.a.,n.a.,n.a.,n.a.
12,!00x Cation Std,6.083  ,1.3480  ,9.80,7.31  ,22.62,0.4833  
13,!00x Cation Std,6.130  ,13.4885  ,10.31,69.81  ,25.97,4.7877  
14,062,6.077  ,0.0004  ,0.00,0.00  ,0.01,0.0056  
15,055,6.067  ,0.0004  ,0.00,0.00  ,0.00,0.0056  
16,043,n.a.,n.a.,n.a.,n.a.,n.a.,n.a.
17,100x Cation Std,6.100  ,1.3500  ,9.80,7.32  ,22.61,0.4841  
18,10x Cation Std,6.137  ,13.4931  ,10.31,69.77  ,25.89,4.7893  
19,IV 10x Cation Std,6.133  ,21.2232  ,35.67,103.41  ,56.48,7.5300  
20,IV 10x Cation Std,6.137  ,21.2558  ,35.66,103.60  ,56.34,7.5415  
21,1,n.a.,n.a.,n.a.,n.a.,n.a.,n.a.
22,2,n.a.,n.a.,n.a.,n.a.,n.a.,n.a.
23,3,n.a.,n.a.,n.a.,n.a.,n.a.,n.a.
24,4,n.a.,n.a.,n.a.,n.a.,n.a.,n.a.
25,5,n.a.,n.a.,n.a.,n.a.,n.a.,n.a.
26,6,6.080  ,0.0002  ,0.02,0.00  ,0.04,0.0055  
27,7,6.083  ,0.0001  ,0.01,0.00  ,0.03,0.0055  
28,8,6.080  ,0.0001  ,0.01,0.00  ,0.03,0.0055  
29,9,6.070  ,0.0001  ,0.01,0.00  ,0.02,0.0055  
30,10,6.080  ,0.0001  ,0.01,0.00  ,0.02,0.0055  
31,11,n.a.,n.a.,n.a.,n.a.,n.a.,n.a.
32,12,n.a.,n.a.,n.a.,n.a.,n.a.,n.a.
33,13,n.a.,n.a.,n.a.,n.a.,n.a.,n.a.
34,14,n.a.,n.a.,n.a.,n.a.,n.a.,n.a.
35,15,n.a.,n.a.,n.a.,n.a.,n.a.,n.a.
36,16,6.073  ,0.0001  ,0.00,0.00  ,0.00,0.0055  
37,17,6.053  ,0.0002  ,0.00,0.00  ,0.00,0.0055  
38,18,6.063  ,0.0002  ,0.00,0.00  ,0.00,0.0055  
39,19,6.073  ,0.0002  ,0.00,0.00  ,0.01,0.0055  
40,20,6.070  ,0.0002  ,0.00,0.00  ,0.01,0.0055  
41,21,n.a.,n.a.,n.a.,n.a.,n.a.,n.a.
42,C-5x,6.157  ,26.8996  ,10.45,129.99  ,27.00,9.5425  
43,MQ Blank 1,6.063  ,0.0002  ,0.94,0.00  ,3.07,0.0055  
44,22,n.a.,n.a.,n.a.,n.a.,n.a.,n.a.
45,23,n.a.,n.a.,n.a.,n.a.,n.a.,n.a.
46,24,n.a.,n.a.,n.a.,n.a.,n.a.,n.a.
47,25,n.a.,n.a.,n.a.,n.a.,n.a.,n.a.
48,26,n.a.,n.a.,n.a.,n.a.,n.a.,n.a.
49,27,6.077  ,0.0002  ,0.02,0.00  ,0.04,0.0055  
50,28,6.080  ,0.0002  ,0.02,0.00  ,0.04,0.0055  
51,29,n.a.,n.a.,n.a.,n.a.,n.a.,n.a.
52,30,6.073  ,0.0002  ,0.01,0.00  ,0.03,0.0055  
53,31,6.077  ,0.0002  ,0.01,0.00  ,0.03,0.0055  
54,32,n.a.,n.a.,n.a.,n.a.,n.a.,n.a.
55,33,n.a.,n.a.,n.a.,n.a.,n.a.,n.a.
56,34,n.a.,n.a.,n.a.,n.a.,n.a.,n.a.
57,35,n.a.,n.a.,n.a.,n.a.,n.a.,n.a.
58,36,n.a.,n.a.,n.a.,n.a.,n.a.,n.a.
59,37,6.080  ,0.0004  ,0.00,0.00  ,0.01,0.0056  
60,IV 10x Cation Std,6.137  ,21.2535  ,35.71,103.11  ,56.42,7.5407  
61,38,6.083  ,0.0006  ,0.00,0.00  ,0.01,0.0057  
62,39,6.060  ,0.0005  ,0.00,0.00  ,0.01,0.0056  
63,40,6.077  ,0.0004  ,0.00,0.00  ,0.01,0.0056  
64,41,6.077  ,0.0003  ,0.00,0.00  ,0.01,0.0055  
65,42,n.a.,n.a.,n.a.,n.a.,n.a.,n.a.
66,C-400x,6.087  ,0.3146  ,9.43,1.76  ,21.23,0.1170  
67,MQ Blank 2,n.a.,n.a.,n.a.,n.a.,n.a.,n.a.
68,43,n.a.,n.a.,n.a.,n.a.,n.a.,n.a.
69,44,n.a.,n.a.,n.a.,n.a.,n.a.,n.a.
70,45,n.a.,n.a.,n.a.,n.a.,n.a.,n.a.
71,46,n.a.,n.a.,n.a.,n.a.,n.a.,n.a.
72,47,n.a.,n.a.,n.a.,n.a.,n.a.,n.a.
73,48,6.073  ,0.0002  ,0.01,0.00  ,0.03,0.0055  
74,49,6.057  ,0.0002  ,0.01,0.00  ,0.03,0.0055  
75,50,6.073  ,0.0002  ,0.01,0.00  ,0.03,0.0055  
76,51,6.067  ,0.0002  ,0.01,0.00  ,0.03,0.0055  
77,52,6.077  ,0.0002  ,0.01,0.00  ,0.03,0.0055  
78,53,n.a.,n.a.,n.a.,n.a.,n.a.,n.a.
79,54,n.a.,n.a.,n.a.,n.a.,n.a.,n.a.
80,55,n.a.,n.a.,n.a.,n.a.,n.a.,n.a.
81,56,n.a.,n.a.,n.a.,n.a.,n.a.,n.a.
82,57,n.a.,n.a.,n.a.,n.a.,n.a.,n.a.
83,58,6.067  ,0.0004  ,0.00,0.00  ,0.01,0.0056  
84,59,6.073  ,0.0005  ,0.00,0.00  ,0.01,0.0056  
85,60,6.070  ,0.0004  ,0.00,0.00  ,0.01,0.0056  
86,61,6.073  ,0.0004  ,0.00,0.00  ,0.01,0.0056  
87,62,6.077  ,0.0004  ,0.00,0.00  ,0.01,0.0056  
88,63,n.a.,n.a.,n.a.,n.a.,n.a.,n.a.
89,C-200x,6.110  ,0.7280  ,9.56,3.98  ,21.93,0.2635  
90,MQ Blank 3,n.a.,n.a.,n.a.,n.a.,n.a.,n.a.
91,64,n.a.,n.a.,n.a.,n.a.,n.a.,n.a.
92,65,n.a.,n.a.,n.a.,n.a.,n.a.,n.a.
93,66,n.a.,n.a.,n.a.,n.a.,n.a.,n.a.
94,67,n.a.,n.a.,n.a.,n.a.,n.a.,n.a.
95,68,n.a.,n.a.,n.a.,n.a.,n.a.,n.a.
96,69,6.080  ,0.0004  ,0.02,0.00  ,0.05,0.0056  
97,70,6.070  ,0.0003  ,0.01,0.00  ,0.03,0.0055  
98,71,6.070  ,0.0003  ,0.01,0.00  ,0.03,0.0055  
99,72,6.080  ,0.0003  ,0.01,0.00  ,0.04,0.0055  
100,73,5.343  ,0.0010  ,0.05,0.00  ,0.03,0.0058  
101,74,n.a.,n.a.,n.a.,n.a.,n.a.,n.a.
102,75,n.a.,n.a.,n.a.,n.a.,n.a.,n.a.
103,76,n.a.,n.a.,n.a.,n.a.,n.a.,n.a.
104,77,n.a.,n.a.,n.a.,n.a.,n.a.,n.a.
105,78,n.a.,n.a.,n.a.,n.a.,n.a.,n.a.
106,79,6.063  ,0.0002  ,0.00,0.00  ,0.00,0.0055  
107,80,6.073  ,0.0004  ,0.00,0.00  ,0.01,0.0056  
108,81,6.067  ,0.0004  ,0.00,0.00  ,0.00,0.0056  
109,82,6.083  ,0.0005  ,0.00,0.00  ,0.01,0.0056  
110,83,6.073  ,0.0004  ,0.00,0.00  ,0.01,0.0056  
111,84,n.a.,n.a.,n.a.,n.a.,n.a.,n.a.
112,C-800x,6.090  ,0.1525  ,9.31,0.87  ,20.77,0.0595  
113,MQ Blank 4,n.a.,n.a.,n.a.,n.a.,n.a.,n.a.
114,SB 1,n.a.,n.a.,n.a.,n.a.,n.a.,n.a.
115,SB 2,n.a.,n.a.,n.a.,n.a.,n.a.,n.a.
116,SB 3,n.a.,n.a.,n.a.,n.a.,n.a.,n.a.
117,SB 4,n.a.,n.a.,n.a.,n.a.,n.a.,n.a.
118,IV 10x Cation Std,6.140  ,21.3153  ,35.65,103.06  ,56.41,7.5626  
,Sum:,376.630  ,180.684  ,301.443  ,892.503  ,599.454  ,64.397  
,Average:,6.075  ,2.914  ,4.862  ,14.395  ,9.669  ,1.039  
,Rel.Std.Dev:,1.603 %,246.523 %,189.482 %,243.472 %,165.259 %,245.235 %
,,,,,,,
No. ,Name ,Time ,Area ,Rel.Area ,Height ,Rel.Height ,Amount 
,,min,µS*min,%,µS,%,mg/l
,,CD_1,CD_1,CD_1,CD_1,CD_1,CD_1
,,Sodium,Sodium,Sodium,Sodium,Sodium,Sodium
1,DI Water,8.083  ,0.0008  ,7.17,0.00  ,13.41,0.0192  
2,!00x Cation Std,8.097  ,1.3723  ,9.96,6.08  ,18.82,1.9336  
3,DI water,8.077  ,0.0002  ,3.76,0.00  ,14.13,0.0183  
4,1600x,8.093  ,0.0721  ,9.65,0.35  ,17.18,0.1187  
5,800x,8.100  ,0.1539  ,9.72,0.72  ,17.42,0.2328  
6,400x,8.093  ,0.3224  ,9.75,1.46  ,17.76,0.4681  
7,200x,8.093  ,0.7459  ,9.92,3.31  ,18.44,1.0592  
8,20x,8.100  ,7.1486  ,10.35,31.22  ,20.75,9.9962  
9,5x,8.073  ,27.2710  ,10.60,116.88  ,24.32,38.0833  
10,!00x Cation Std,8.100  ,1.3626  ,9.93,6.08  ,18.83,1.9200  
11,DI water,8.080  ,0.0014  ,11.60,0.01  ,21.57,0.0200  
12,!00x Cation Std,8.073  ,1.3718  ,9.97,6.09  ,18.84,1.9328  
13,!00x Cation Std,8.093  ,13.7027  ,10.48,60.00  ,22.32,19.1445  
14,062,8.093  ,1.6677  ,7.67,7.48  ,24.58,2.3459  
15,055,8.093  ,1.5218  ,4.73,6.80  ,13.64,2.1423  
16,043,8.097  ,0.1472  ,1.40,0.70  ,4.12,0.2236  
17,100x Cation Std,8.090  ,1.3733  ,9.97,6.10  ,18.84,1.9349  
18,10x Cation Std,8.100  ,13.7228  ,10.49,60.03  ,22.27,19.1726  
19,IV 10x Cation Std,8.087  ,6.8758  ,11.56,29.96  ,16.36,9.6154  
20,IV 10x Cation Std,8.087  ,6.8946  ,11.57,30.01  ,16.32,9.6417  
21,1,8.100  ,0.2027  ,1.33,0.94  ,4.09,0.3011  
22,2,8.097  ,0.1988  ,1.57,0.93  ,4.37,0.2956  
23,3,8.077  ,0.1776  ,1.46,0.83  ,4.18,0.2660  
24,4,8.090  ,0.2165  ,1.61,1.01  ,4.48,0.3202  
25,5,8.097  ,0.2097  ,1.60,0.98  ,4.55,0.3108  
26,6,8.097  ,0.3731  ,33.79,1.69  ,54.19,0.5388  
27,7,8.090  ,0.3955  ,34.36,1.76  ,54.99,0.5702  
28,8,8.097  ,0.4545  ,39.74,2.07  ,59.80,0.6525  
29,9,8.093  ,0.4541  ,37.92,2.06  ,58.43,0.6519  
30,10,8.100  ,0.4739  ,40.70,2.11  ,59.87,0.6795  
31,11,8.100  ,0.5998  ,5.68,2.71  ,16.01,0.8554  
32,12,8.097  ,0.4982  ,5.28,2.27  ,14.69,0.7135  
33,13,8.090  ,0.4532  ,5.04,2.06  ,13.96,0.6507  
34,14,8.097  ,0.5334  ,4.78,2.42  ,13.56,0.7626  
35,15,8.087  ,0.5042  ,5.17,2.29  ,14.57,0.7218  
36,16,8.090  ,1.4193  ,7.47,6.34  ,23.86,1.9991  
37,17,8.073  ,1.5206  ,7.52,6.82  ,24.15,2.1406  
38,18,8.097  ,1.3617  ,7.73,6.06  ,24.31,1.9188  
39,19,8.093  ,1.3233  ,8.26,5.94  ,25.56,1.8651  
40,20,8.093  ,1.3757  ,8.23,6.17  ,25.54,1.9383  
41,21,8.087  ,0.0101  ,33.05,0.05  ,57.88,0.0321  
42,C-5x,8.103  ,27.3495  ,10.63,117.41  ,24.39,38.1929  
43,MQ Blank 1,8.093  ,0.0007  ,4.22,0.00  ,12.02,0.0191  
44,22,8.093  ,0.2560  ,1.48,1.18  ,4.28,0.3754  
45,23,8.097  ,0.2633  ,1.48,1.22  ,4.28,0.3856  
46,24,8.093  ,0.2720  ,1.53,1.25  ,4.43,0.3977  
47,25,8.080  ,0.2563  ,1.47,1.19  ,4.24,0.3759  
48,26,8.093  ,0.2604  ,1.49,1.21  ,4.31,0.3816  
49,27,8.093  ,0.4197  ,34.67,1.90  ,55.88,0.6039  
50,28,8.097  ,0.4070  ,34.87,1.82  ,55.91,0.5862  
51,29,8.100  ,0.4472  ,34.05,2.01  ,55.13,0.6423  
52,30,8.093  ,0.4484  ,34.64,2.01  ,54.97,0.6440  
53,31,8.097  ,0.4260  ,33.26,1.91  ,53.84,0.6128  
54,32,8.090  ,0.8799  ,4.53,3.95  ,13.05,1.2463  
55,33,8.093  ,0.8904  ,4.98,4.01  ,14.32,1.2609  
56,34,8.097  ,0.9035  ,4.77,4.07  ,13.75,1.2792  
57,35,8.100  ,0.8125  ,3.03,3.67  ,9.88,1.1522  
58,36,8.097  ,0.8154  ,3.62,3.68  ,11.25,1.1562  
59,37,8.097  ,1.8757  ,7.58,8.31  ,24.24,2.6362  
60,IV 10x Cation Std,8.083  ,6.8800  ,11.56,29.93  ,16.38,9.6213  
61,38,8.097  ,1.8544  ,7.07,8.27  ,23.50,2.6065  
62,39,8.077  ,1.8787  ,7.59,8.36  ,24.40,2.6404  
63,40,8.097  ,1.9229  ,7.47,8.56  ,24.26,2.7021  
64,41,8.097  ,1.9573  ,6.70,8.70  ,22.55,2.7501  
65,42,8.100  ,0.0265  ,34.12,0.13  ,57.81,0.0551  
66,C-400x,8.083  ,0.3162  ,9.48,1.46  ,17.60,0.4594  
67,MQ Blank 2,8.093  ,0.0009  ,5.84,0.00  ,17.58,0.0194  
68,43,8.097  ,0.2928  ,1.48,1.34  ,4.30,0.4268  
69,44,8.093  ,0.2832  ,1.46,1.30  ,4.28,0.4133  
70,45,8.093  ,0.2804  ,1.52,1.30  ,4.39,0.4095  
71,46,8.073  ,0.1697  ,1.36,0.79  ,3.93,0.2550  
72,47,8.093  ,0.1932  ,1.41,0.90  ,4.17,0.2877  
73,48,8.083  ,0.4667  ,33.38,2.09  ,53.84,0.6695  
74,49,8.077  ,0.3916  ,28.26,1.75  ,48.38,0.5647  
75,50,8.087  ,0.4426  ,34.35,1.97  ,55.11,0.6359  
76,51,8.073  ,0.4131  ,31.45,1.86  ,52.02,0.5947  
77,52,8.093  ,0.4291  ,33.13,1.92  ,53.78,0.6170  
78,53,8.100  ,1.0585  ,4.77,4.74  ,14.00,1.4955  
79,54,8.097  ,1.0597  ,5.38,4.76  ,15.60,1.4973  
80,55,8.097  ,0.8653  ,4.15,3.89  ,12.19,1.2259  
81,56,8.100  ,1.0065  ,5.46,4.53  ,15.60,1.4229  
82,57,8.093  ,0.5487  ,3.92,2.49  ,11.92,0.7840  
83,58,8.080  ,2.0128  ,6.69,8.92  ,22.37,2.8276  
84,59,8.090  ,1.9452  ,6.51,8.63  ,21.92,2.7333  
85,60,8.090  ,1.6442  ,6.24,7.31  ,21.10,2.3130  
86,61,8.093  ,1.9555  ,6.79,8.67  ,22.60,2.7476  
87,62,8.093  ,1.9044  ,7.04,8.50  ,23.19,2.6762  
88,63,8.100  ,0.0128  ,24.88,0.06  ,54.54,0.0359  
89,C-200x,8.100  ,0.7402  ,9.72,3.31  ,18.23,1.0513  
90,MQ Blank 3,8.083  ,0.0007  ,4.11,0.00  ,11.47,0.0190  
91,64,8.097  ,0.2939  ,1.09,1.36  ,3.36,0.4283  
92,65,8.093  ,0.3012  ,1.15,1.40  ,3.52,0.4385  
93,66,8.100  ,0.2901  ,1.18,1.34  ,3.55,0.4230  
94,67,8.097  ,0.2778  ,1.00,1.29  ,3.12,0.4058  
95,68,8.097  ,0.2767  ,1.08,1.28  ,3.33,0.4043  
96,69,8.103  ,0.4245  ,19.41,1.94  ,39.15,0.6106  
97,70,8.097  ,0.4467  ,20.06,2.00  ,40.35,0.6416  
98,71,8.090  ,0.4275  ,18.88,1.95  ,38.20,0.6149  
99,72,8.097  ,0.4103  ,20.19,1.87  ,40.03,0.5907  
100,73,8.097  ,0.4278  ,20.61,1.95  ,40.77,0.6152  
101,74,8.100  ,0.9394  ,2.50,4.22  ,8.37,1.3293  
102,75,8.090  ,1.1697  ,2.26,5.26  ,7.89,1.6508  
103,76,8.093  ,1.0382  ,3.37,4.61  ,10.18,1.4672  
104,77,8.103  ,0.7800  ,2.45,3.50  ,7.46,1.1068  
105,78,8.093  ,1.0659  ,3.12,4.72  ,9.78,1.5059  
106,79,8.090  ,1.9440  ,7.26,8.67  ,23.86,2.7315  
107,80,8.093  ,1.9025  ,6.32,8.49  ,21.10,2.6736  
108,81,8.090  ,2.0761  ,6.15,9.25  ,21.19,2.9159  
109,82,8.093  ,1.9186  ,7.02,8.56  ,22.91,2.6961  
110,83,8.090  ,1.5965  ,6.59,7.13  ,21.73,2.2465  
111,84,8.090  ,0.0036  ,7.77,0.02  ,24.38,0.0231  
112,C-800x,8.090  ,0.1530  ,9.34,0.72  ,17.14,0.2317  
113,MQ Blank 4,8.093  ,0.0004  ,2.89,0.00  ,8.05,0.0186  
114,SB 1,8.103  ,0.0444  ,49.30,0.21  ,70.61,0.0800  
115,SB 2,8.090  ,0.0003  ,2.77,0.00  ,10.43,0.0185  
116,SB 3,8.077  ,0.0063  ,46.33,0.03  ,76.93,0.0268  
117,SB 4,8.093  ,0.0013  ,15.19,0.01  ,37.82,0.0199  
118,IV 10x Cation Std,8.093  ,6.9223  ,11.58,29.86  ,16.34,9.6803  
,Sum:,954.890  ,193.561  ,1345.022  ,849.679  ,2727.665  ,272.309  
,Average:,8.092  ,1.640  ,11.398  ,7.201  ,23.116  ,2.308  
,Rel.Std.Dev:,0.089 %,244.930 %,103.809 %,240.293 %,77.041 %,243.010 %
,,,,,,,
No. ,Name ,Time ,Area ,Rel.Area ,Height ,Rel.Height ,Amount 
,,min,µS*min,%,µS,%,mg/l
,,CD_1,CD_1,CD_1,CD_1,CD_1,CD_1
,,Ammonia,Ammonia,Ammonia,Ammonia,Ammonia,Ammonia
1,DI Water,9.917  ,0.0034  ,31.59,0.01  ,50.83,n.a.
2,!00x Cation Std,9.957  ,1.4261  ,10.35,4.07  ,12.60,3.4645  
3,DI water,n.a.,n.a.,n.a.,n.a.,n.a.,n.a.
4,1600x,9.930  ,0.1154  ,15.45,0.45  ,22.16,n.a.
5,800x,9.943  ,0.2313  ,14.61,0.84  ,20.33,0.0676  
6,400x,9.947  ,0.4461  ,13.49,1.48  ,18.01,0.6783  
7,200x,9.953  ,0.8820  ,11.73,2.68  ,14.95,1.9178  
8,20x,9.943  ,4.5838  ,6.64,10.90  ,7.25,12.4419  
9,5x,9.857  ,10.7706  ,4.19,22.54  ,4.69,30.0308  
10,!00x Cation Std,9.960  ,1.4060  ,10.25,4.05  ,12.53,3.4072  
11,DI water,9.910  ,0.0029  ,24.61,0.01  ,40.84,n.a.
12,!00x Cation Std,9.937  ,1.4254  ,10.36,4.08  ,12.62,3.4625  
13,!00x Cation Std,9.913  ,6.9970  ,5.35,15.70  ,5.84,19.3025  
14,062,n.a.,n.a.,n.a.,n.a.,n.a.,n.a.
15,055,9.943  ,0.0103  ,0.03,0.01  ,0.02,n.a.
16,043,9.920  ,0.0004  ,0.00,0.00  ,0.01,n.a.
17,100x Cation Std,9.953  ,1.4284  ,10.36,4.09  ,12.61,3.4710  
18,10x Cation Std,9.923  ,7.0005  ,5.35,15.70  ,5.83,19.3126  
19,IV 10x Cation Std,9.937  ,3.8519  ,6.47,9.40  ,5.13,10.3612  
20,IV 10x Cation Std,9.940  ,3.8593  ,6.47,9.41  ,5.12,10.3822  
21,1,9.910  ,0.0003  ,0.00,0.00  ,0.00,n.a.
22,2,n.a.,n.a.,n.a.,n.a.,n.a.,n.a.
23,3,n.a.,n.a.,n.a.,n.a.,n.a.,n.a.
24,4,9.917  ,0.0016  ,0.01,0.00  ,0.02,n.a.
25,5,9.920  ,0.0036  ,0.03,0.01  ,0.05,n.a.
26,6,9.927  ,0.0614  ,5.56,0.25  ,8.01,n.a.
27,7,9.920  ,0.0483  ,4.20,0.20  ,6.22,n.a.
28,8,9.927  ,0.0534  ,4.67,0.19  ,5.57,n.a.
29,9,9.927  ,0.0542  ,4.52,0.19  ,5.37,n.a.
30,10,9.933  ,0.0542  ,4.66,0.22  ,6.36,n.a.
31,11,n.a.,n.a.,n.a.,n.a.,n.a.,n.a.
32,12,9.893  ,0.0044  ,0.05,0.00  ,0.02,n.a.
33,13,9.860  ,0.0042  ,0.05,0.00  ,0.02,n.a.
34,14,9.893  ,0.0057  ,0.05,0.00  ,0.02,n.a.
35,15,9.880  ,0.0051  ,0.05,0.00  ,0.02,n.a.
36,16,n.a.,n.a.,n.a.,n.a.,n.a.,n.a.
37,17,n.a.,n.a.,n.a.,n.a.,n.a.,n.a.
38,18,n.a.,n.a.,n.a.,n.a.,n.a.,n.a.
39,19,9.923  ,0.0149  ,0.09,0.02  ,0.07,n.a.
40,20,9.920  ,0.0156  ,0.09,0.02  ,0.07,n.a.
41,21,9.910  ,0.0021  ,6.96,0.01  ,10.16,n.a.
42,C-5x,9.887  ,10.8098  ,4.20,22.62  ,4.70,30.1423  
43,MQ Blank 1,9.927  ,0.0013  ,7.68,0.01  ,17.90,n.a.
44,22,9.923  ,0.0020  ,0.01,0.00  ,0.01,n.a.
45,23,9.917  ,0.0022  ,0.01,0.00  ,0.01,n.a.
46,24,9.923  ,0.0015  ,0.01,0.00  ,0.01,n.a.
47,25,9.933  ,0.0017  ,0.01,0.00  ,0.01,n.a.
48,26,9.917  ,0.0013  ,0.01,0.00  ,0.01,n.a.
49,27,9.927  ,0.0522  ,4.31,0.21  ,6.31,n.a.
50,28,9.930  ,0.0512  ,4.39,0.21  ,6.46,n.a.
51,29,9.930  ,0.0513  ,3.91,0.21  ,5.83,n.a.
52,30,9.923  ,0.0495  ,3.83,0.20  ,5.58,n.a.
53,31,9.927  ,0.0462  ,3.60,0.19  ,5.39,n.a.
54,32,9.907  ,0.0112  ,0.06,0.01  ,0.02,n.a.
55,33,9.907  ,0.0085  ,0.05,0.01  ,0.02,n.a.
56,34,9.930  ,0.0087  ,0.05,0.01  ,0.02,n.a.
57,35,9.927  ,0.0063  ,0.02,0.01  ,0.02,n.a.
58,36,9.920  ,0.0067  ,0.03,0.01  ,0.02,n.a.
59,37,n.a.,n.a.,n.a.,n.a.,n.a.,n.a.
60,IV 10x Cation Std,9.933  ,3.8493  ,6.47,9.38  ,5.13,10.3537  
61,38,9.883  ,0.0111  ,0.04,0.01  ,0.02,n.a.
62,39,n.a.,n.a.,n.a.,n.a.,n.a.,n.a.
63,40,n.a.,n.a.,n.a.,n.a.,n.a.,n.a.
64,41,n.a.,n.a.,n.a.,n.a.,n.a.,n.a.
65,42,9.927  ,0.0064  ,8.27,0.03  ,11.89,n.a.
66,C-400x,9.933  ,0.4290  ,12.87,1.47  ,17.74,0.6298  
67,MQ Blank 2,9.930  ,0.0005  ,3.03,0.00  ,7.98,n.a.
68,43,9.947  ,0.0024  ,0.01,0.00  ,0.01,n.a.
69,44,9.940  ,0.0018  ,0.01,0.00  ,0.01,n.a.
70,45,9.920  ,0.0313  ,0.17,0.12  ,0.41,n.a.
71,46,9.900  ,0.0152  ,0.12,0.06  ,0.30,n.a.
72,47,9.927  ,0.0010  ,0.01,0.00  ,0.01,n.a.
73,48,9.920  ,0.0760  ,5.44,0.31  ,7.89,n.a.
74,49,9.910  ,0.0690  ,4.98,0.28  ,7.74,n.a.
75,50,9.917  ,0.0656  ,5.09,0.27  ,7.44,n.a.
76,51,9.907  ,0.0673  ,5.12,0.27  ,7.64,n.a.
77,52,9.927  ,0.0595  ,4.59,0.24  ,6.81,n.a.
78,53,9.923  ,0.0119  ,0.05,0.01  ,0.02,n.a.
79,54,9.930  ,0.0089  ,0.05,0.01  ,0.02,n.a.
80,55,9.930  ,0.0081  ,0.04,0.01  ,0.02,n.a.
81,56,9.913  ,0.0025  ,0.01,0.00  ,0.02,n.a.
82,57,9.890  ,0.0040  ,0.03,0.00  ,0.02,n.a.
83,58,n.a.,n.a.,n.a.,n.a.,n.a.,n.a.
84,59,n.a.,n.a.,n.a.,n.a.,n.a.,n.a.
85,60,n.a.,n.a.,n.a.,n.a.,n.a.,n.a.
86,61,n.a.,n.a.,n.a.,n.a.,n.a.,n.a.
87,62,9.897  ,0.0151  ,0.06,0.01  ,0.02,n.a.
88,63,9.920  ,0.0002  ,0.47,0.00  ,0.86,n.a.
89,C-200x,9.957  ,0.8814  ,11.57,2.70  ,14.85,1.9159  
90,MQ Blank 3,9.927  ,0.0007  ,4.06,0.00  ,10.66,n.a.
91,64,9.947  ,0.4754  ,1.76,1.61  ,3.97,0.7616  
92,65,9.943  ,0.4690  ,1.79,1.60  ,4.01,0.7434  
93,66,9.950  ,0.3369  ,1.37,1.17  ,3.11,0.3679  
94,67,9.947  ,0.3364  ,1.21,1.19  ,2.87,0.3664  
95,68,9.933  ,0.1490  ,0.58,0.56  ,1.47,n.a.
96,69,9.943  ,0.1305  ,5.97,0.50  ,9.99,n.a.
97,70,9.930  ,0.0984  ,4.42,0.39  ,7.83,n.a.
98,71,9.927  ,0.1322  ,5.84,0.49  ,9.65,n.a.
99,72,9.933  ,0.1149  ,5.65,0.42  ,9.07,n.a.
100,73,9.930  ,0.1148  ,5.53,0.43  ,9.00,n.a.
101,74,9.933  ,0.0906  ,0.24,0.31  ,0.61,n.a.
102,75,9.950  ,0.7440  ,1.44,2.35  ,3.53,1.5253  
103,76,9.937  ,0.1974  ,0.64,0.73  ,1.62,n.a.
104,77,9.943  ,0.1270  ,0.40,0.49  ,1.05,n.a.
105,78,9.940  ,0.1902  ,0.56,0.71  ,1.47,n.a.
106,79,9.917  ,0.0275  ,0.10,0.06  ,0.18,n.a.
107,80,9.940  ,0.2401  ,0.80,0.81  ,2.01,0.0926  
108,81,9.923  ,0.0867  ,0.26,0.27  ,0.63,n.a.
109,82,9.930  ,0.1160  ,0.42,0.40  ,1.07,n.a.
110,83,9.927  ,0.1040  ,0.43,0.35  ,1.07,n.a.
111,84,9.920  ,0.0009  ,1.97,0.00  ,5.13,n.a.
112,C-800x,9.933  ,0.2256  ,13.77,0.83  ,19.71,0.0514  
113,MQ Blank 4,9.923  ,0.0007  ,5.34,0.00  ,13.91,n.a.
114,SB 1,9.930  ,0.0024  ,2.67,0.01  ,3.27,n.a.
115,SB 2,n.a.,n.a.,n.a.,n.a.,n.a.,n.a.
116,SB 3,n.a.,n.a.,n.a.,n.a.,n.a.,n.a.
117,SB 4,n.a.,n.a.,n.a.,n.a.,n.a.,n.a.
118,IV 10x Cation Std,9.947  ,3.8941  ,6.51,9.38  ,5.14,10.4810  
,Sum:,982.580  ,69.904  ,392.694  ,170.500  ,574.568  ,175.731  
,Average:,9.925  ,0.706  ,3.967  ,1.722  ,5.804  ,7.029  
,Rel.Std.Dev:,0.188 %,276.624 %,133.948 %,248.528 %,138.447 %,128.801 %
,,,,,,,
No. ,Name ,Time ,Area ,Rel.Area ,Height ,Rel.Height ,Amount 
,,min,µS*min,%,µS,%,mg/l
,,CD_1,CD_1,CD_1,CD_1,CD_1,CD_1
,,Potassium,Potassium,Potassium,Potassium,Potassium,Potassium
1,DI Water,15.063  ,0.0014  ,13.25,0.00  ,13.48,0.0702  
2,!00x Cation Std,14.543  ,2.1916  ,15.91,5.59  ,17.31,4.8246  
3,DI water,n.a.,n.a.,n.a.,n.a.,n.a.,n.a.
4,1600x,14.817  ,0.1123  ,15.03,0.31  ,15.23,0.3109  
5,800x,14.767  ,0.2414  ,15.25,0.65  ,15.78,0.5912  
6,400x,14.700  ,0.5074  ,15.34,1.34  ,16.31,1.1686  
7,200x,14.617  ,1.1780  ,15.66,3.04  ,16.90,2.6242  
8,20x,14.240  ,11.4824  ,16.63,26.25  ,17.45,24.9925  
9,5x,13.790  ,44.0335  ,17.12,81.56  ,16.97,95.6529  
10,!00x Cation Std,14.537  ,2.1885  ,15.96,5.59  ,17.31,4.8179  
11,DI water,15.083  ,0.0011  ,9.34,0.00  ,9.74,0.0695  
12,!00x Cation Std,14.517  ,2.1923  ,15.94,5.59  ,17.31,4.8260  
13,!00x Cation Std,14.057  ,22.0889  ,16.89,46.10  ,17.15,48.0166  
14,062,14.710  ,0.4002  ,1.84,1.09  ,3.59,0.9358  
15,055,14.370  ,6.2216  ,19.36,15.15  ,30.37,13.5728  
16,043,14.503  ,2.9132  ,27.77,7.37  ,43.73,6.3910  
17,100x Cation Std,14.533  ,2.1942  ,15.92,5.61  ,17.31,4.8302  
18,10x Cation Std,14.063  ,22.0900  ,16.88,46.13  ,17.12,48.0191  
19,IV 10x Cation Std,14.420  ,4.3340  ,7.28,10.80  ,5.90,9.4753  
20,IV 10x Cation Std,14.427  ,4.3454  ,7.29,10.83  ,5.89,9.5000  
21,1,14.453  ,4.1592  ,27.23,10.37  ,44.84,9.0958  
22,2,14.437  ,4.2697  ,33.62,10.62  ,49.85,9.3357  
23,3,14.440  ,3.7340  ,30.75,9.35  ,46.91,8.1728  
24,4,14.430  ,4.5082  ,33.49,11.16  ,49.60,9.8533  
25,5,14.447  ,4.0093  ,30.58,10.00  ,46.54,8.7704  
26,6,14.770  ,0.2279  ,20.64,0.62  ,19.73,0.5619  
27,7,14.760  ,0.2420  ,21.02,0.65  ,20.28,0.5924  
28,8,14.753  ,0.2712  ,23.72,0.73  ,21.08,0.6560  
29,9,14.750  ,0.2806  ,23.44,0.75  ,21.37,0.6763  
30,10,14.760  ,0.2628  ,22.57,0.71  ,20.12,0.6375  
31,11,14.573  ,1.6944  ,16.03,4.37  ,25.87,3.7452  
32,12,14.570  ,1.7853  ,18.92,4.60  ,29.83,3.9426  
33,13,14.557  ,1.8233  ,20.29,4.70  ,31.79,4.0252  
34,14,14.547  ,2.0601  ,18.45,5.29  ,29.61,4.5390  
35,15,14.560  ,1.7437  ,17.90,4.50  ,28.60,3.8524  
36,16,14.740  ,0.2736  ,1.44,0.76  ,2.84,0.6610  
37,17,14.727  ,0.2510  ,1.24,0.70  ,2.47,0.6121  
38,18,14.753  ,0.2354  ,1.34,0.65  ,2.63,0.5783  
39,19,14.747  ,0.2853  ,1.78,0.79  ,3.39,0.6864  
40,20,14.743  ,0.2805  ,1.68,0.77  ,3.20,0.6759  
41,21,15.010  ,0.0041  ,13.50,0.01  ,12.14,0.0761  
42,C-5x,13.817  ,44.0571  ,17.12,81.66  ,16.96,95.7043  
43,MQ Blank 1,15.120  ,0.0008  ,4.87,0.00  ,7.02,0.0689  
44,22,14.407  ,5.0996  ,29.56,12.52  ,45.45,11.1370  
45,23,14.407  ,5.2993  ,29.86,12.98  ,45.64,11.5705  
46,24,14.410  ,5.1471  ,28.97,12.65  ,44.64,11.2403  
47,25,14.390  ,5.2165  ,29.85,12.80  ,45.74,11.3908  
48,26,14.407  ,5.1375  ,29.34,12.63  ,45.11,11.2193  
49,27,14.763  ,0.2387  ,19.72,0.65  ,19.00,0.5854  
50,28,14.767  ,0.2226  ,19.07,0.60  ,18.45,0.5503  
51,29,14.750  ,0.2716  ,20.68,0.73  ,20.08,0.6568  
52,30,14.743  ,0.3011  ,23.26,0.81  ,22.08,0.7207  
53,31,14.750  ,0.2935  ,22.91,0.79  ,22.19,0.7042  
54,32,14.473  ,3.3737  ,17.36,8.50  ,28.10,7.3905  
55,33,14.497  ,2.9167  ,16.30,7.41  ,26.49,6.3986  
56,34,14.480  ,3.2054  ,16.92,8.12  ,27.47,7.0254  
57,35,14.490  ,3.0379  ,11.33,7.73  ,20.83,6.6617  
58,36,14.493  ,2.9731  ,13.22,7.57  ,23.13,6.5210  
59,37,14.720  ,0.3723  ,1.50,1.02  ,2.98,0.8754  
60,IV 10x Cation Std,14.417  ,4.3361  ,7.28,10.83  ,5.92,9.4797  
61,38,14.720  ,0.3754  ,1.43,1.02  ,2.90,0.8821  
62,39,14.703  ,0.3845  ,1.55,1.05  ,3.05,0.9018  
63,40,14.737  ,0.3268  ,1.27,0.89  ,2.53,0.7765  
64,41,14.737  ,0.3103  ,1.06,0.85  ,2.20,0.7406  
65,42,14.983  ,0.0088  ,11.39,0.02  ,10.50,0.0863  
66,C-400x,14.687  ,0.5075  ,15.22,1.35  ,16.25,1.1688  
67,MQ Blank 2,15.130  ,0.0007  ,4.55,0.00  ,7.21,0.0687  
68,43,14.393  ,5.7042  ,28.80,13.89  ,44.43,12.4496  
69,44,14.400  ,5.3743  ,27.72,13.17  ,43.26,11.7335  
70,45,14.403  ,5.3686  ,29.00,13.15  ,44.55,11.7210  
71,46,14.447  ,3.6371  ,29.14,9.12  ,45.09,7.9624  
72,47,14.460  ,3.6885  ,26.99,9.25  ,42.74,8.0740  
73,48,14.733  ,0.2849  ,20.38,0.77  ,19.75,0.6856  
74,49,14.730  ,0.2917  ,21.05,0.78  ,21.71,0.7003  
75,50,14.750  ,0.2562  ,19.89,0.67  ,18.59,0.6233  
76,51,14.740  ,0.2673  ,20.35,0.72  ,20.13,0.6475  
77,52,14.757  ,0.2644  ,20.42,0.71  ,19.99,0.6411  
78,53,14.477  ,3.2992  ,14.86,8.34  ,24.62,7.2289  
79,54,14.493  ,2.8641  ,14.55,7.30  ,23.90,6.2845  
80,55,14.473  ,3.4044  ,16.31,8.60  ,26.92,7.4573  
81,56,14.497  ,2.9175  ,15.83,7.43  ,25.56,6.4004  
82,57,14.563  ,1.8167  ,12.99,4.70  ,22.46,4.0108  
83,58,14.690  ,0.4426  ,1.47,1.21  ,3.03,1.0280  
84,59,14.707  ,0.3982  ,1.33,1.09  ,2.77,0.9315  
85,60,14.720  ,0.3378  ,1.28,0.93  ,2.68,0.8005  
86,61,14.703  ,0.4065  ,1.41,1.11  ,2.90,0.9496  
87,62,14.703  ,0.4036  ,1.49,1.10  ,3.01,0.9433  
88,63,15.023  ,0.0038  ,7.36,0.01  ,8.46,0.0754  
89,C-200x,14.617  ,1.1848  ,15.55,3.07  ,16.90,2.6390  
90,MQ Blank 3,15.137  ,0.0006  ,3.61,0.00  ,6.07,0.0684  
91,64,14.373  ,6.1100  ,22.67,14.84  ,36.59,13.3305  
92,65,14.373  ,6.1189  ,23.33,14.87  ,37.33,13.3499  
93,66,14.383  ,6.0315  ,24.50,14.68  ,38.92,13.1600  
94,67,14.370  ,6.2046  ,22.36,15.09  ,36.45,13.5357  
95,68,14.377  ,5.8734  ,22.85,14.33  ,37.36,12.8169  
96,69,14.750  ,0.3329  ,15.22,0.89  ,18.03,0.7897  
97,70,14.740  ,0.3238  ,14.54,0.87  ,17.52,0.7701  
98,71,14.727  ,0.3711  ,16.38,0.99  ,19.43,0.8727  
99,72,14.733  ,0.3384  ,16.65,0.90  ,19.41,0.8017  
100,73,14.737  ,0.3266  ,15.74,0.88  ,18.34,0.7762  
101,74,14.430  ,4.2931  ,11.44,10.75  ,21.34,9.3865  
102,75,14.417  ,4.4968  ,8.68,11.29  ,16.94,9.8286  
103,76,14.420  ,4.7168  ,15.33,11.72  ,25.85,10.3061  
104,77,14.377  ,6.2552  ,19.69,15.23  ,32.48,13.6457  
105,78,14.430  ,4.3527  ,12.74,10.90  ,22.59,9.5159  
106,79,14.733  ,0.2927  ,1.09,0.80  ,2.20,0.7026  
107,80,14.690  ,0.4928  ,1.64,1.34  ,3.33,1.1369  
108,81,14.703  ,0.4218  ,1.25,1.15  ,2.64,0.9827  
109,82,14.687  ,0.5008  ,1.83,1.36  ,3.63,1.1543  
110,83,14.710  ,0.3956  ,1.63,1.08  ,3.28,0.9260  
111,84,15.090  ,0.0013  ,2.78,0.00  ,4.65,0.0700  
112,C-800x,14.753  ,0.2446  ,14.93,0.66  ,15.74,0.5981  
113,MQ Blank 4,15.117  ,0.0006  ,4.04,0.00  ,6.79,0.0684  
114,SB 1,14.937  ,0.0186  ,20.72,0.05  ,16.00,0.1076  
115,SB 2,15.133  ,0.0006  ,5.88,0.00  ,11.02,0.0685  
116,SB 3,15.110  ,0.0005  ,3.89,0.00  ,3.26,0.0683  
117,SB 4,15.153  ,0.0006  ,7.35,0.00  ,9.78,0.0685  
118,IV 10x Cation Std,14.427  ,4.3604  ,7.29,10.83  ,5.93,9.5325  
,Sum:,1710.777  ,360.027  ,1742.155  ,822.882  ,2335.825  ,789.388  
,Average:,14.622  ,3.077  ,14.890  ,7.033  ,19.964  ,6.747  
,Rel.Std.Dev:,1.714 %,208.551 %,61.501 %,176.976 %,68.990 %,206.475 %
,,,,,,,
No. ,Name ,Time ,Area ,Rel.Area ,Height ,Rel.Height ,Amount 
,,min,µS*min,%,µS,%,mg/l
,,CD_1,CD_1,CD_1,CD_1,CD_1,CD_1
,,Magnesium,Magnesium,Magnesium,Magnesium,Magnesium,Magnesium
1,DI Water,n.a.,n.a.,n.a.,n.a.,n.a.,n.a.
2,!00x Cation Std,17.030  ,3.3120  ,24.04,4.72  ,14.62,2.4332  
3,DI water,n.a.,n.a.,n.a.,n.a.,n.a.,n.a.
4,1600x,17.087  ,0.1528  ,20.46,0.24  ,11.71,0.1489  
5,800x,17.090  ,0.3491  ,22.05,0.53  ,12.78,0.2909  
6,400x,17.070  ,0.7532  ,22.78,1.10  ,13.41,0.5831  
7,200x,17.070  ,1.7802  ,23.67,2.55  ,14.21,1.3257  
8,20x,16.760  ,17.2275  ,24.95,23.54  ,15.65,12.4952  
9,5x,16.113  ,65.2505  ,25.37,72.62  ,15.11,47.2192  
10,!00x Cation Std,17.033  ,3.3119  ,24.15,4.73  ,14.66,2.4332  
11,DI water,17.080  ,0.0015  ,12.61,0.00  ,8.15,0.0395  
12,!00x Cation Std,17.023  ,3.3223  ,24.15,4.74  ,14.65,2.4407  
13,!00x Cation Std,16.517  ,32.9202  ,25.17,42.16  ,15.68,23.8421  
14,062,17.010  ,4.1750  ,19.20,6.06  ,19.92,3.0573  
15,055,16.930  ,8.1301  ,25.29,11.48  ,23.01,5.9171  
16,043,17.070  ,2.1064  ,20.08,3.00  ,17.81,1.5616  
17,100x Cation Std,17.037  ,3.3153  ,24.06,4.73  ,14.60,2.4356  
18,10x Cation Std,16.523  ,32.9202  ,25.16,42.21  ,15.66,23.8421  
19,IV 10x Cation Std,16.830  ,13.1352  ,22.07,18.69  ,10.21,9.5361  
20,IV 10x Cation Std,16.833  ,13.1444  ,22.05,18.76  ,10.20,9.5428  
21,1,17.060  ,2.5730  ,16.85,3.66  ,15.82,1.8990  
22,2,17.047  ,2.5419  ,20.02,3.58  ,16.82,1.8764  
23,3,17.030  ,2.4819  ,20.44,3.51  ,17.60,1.8331  
24,4,17.053  ,2.6355  ,19.58,3.70  ,16.47,1.9441  
25,5,17.047  ,2.6299  ,20.06,3.72  ,17.30,1.9400  
26,6,17.103  ,0.1381  ,12.51,0.21  ,6.68,0.1383  
27,7,17.107  ,0.1517  ,13.18,0.23  ,7.08,0.1482  
28,8,17.093  ,0.1190  ,10.41,0.18  ,5.14,0.1245  
29,9,17.103  ,0.1349  ,11.26,0.20  ,5.71,0.1360  
30,10,17.103  ,0.1229  ,10.55,0.18  ,5.23,0.1273  
31,11,17.057  ,2.3804  ,22.53,3.42  ,20.21,1.7597  
32,12,17.073  ,2.1844  ,23.15,3.14  ,20.34,1.6179  
33,13,17.060  ,1.9926  ,22.17,2.86  ,19.38,1.4792  
34,14,17.057  ,2.3944  ,21.44,3.44  ,19.25,1.7698  
35,15,17.060  ,2.2328  ,22.92,3.21  ,20.39,1.6529  
36,16,17.027  ,3.8607  ,20.31,5.60  ,21.06,2.8300  
37,17,17.000  ,4.1459  ,20.50,6.02  ,21.32,3.0363  
38,18,17.020  ,3.6690  ,20.83,5.33  ,21.41,2.6914  
39,19,17.050  ,3.3349  ,20.83,4.85  ,20.89,2.4498  
40,20,17.030  ,3.5054  ,20.98,5.09  ,21.08,2.5731  
41,21,17.067  ,0.0017  ,5.41,0.00  ,2.93,0.0397  
42,C-5x,16.133  ,65.2340  ,25.35,72.63  ,15.09,47.2073  
43,MQ Blank 1,17.077  ,0.0042  ,25.14,0.01  ,22.27,0.0415  
44,22,17.033  ,3.4216  ,19.83,4.80  ,17.42,2.5125  
45,23,17.047  ,3.5854  ,20.21,5.05  ,17.77,2.6310  
46,24,17.037  ,3.5902  ,20.21,5.07  ,17.90,2.6344  
47,25,17.023  ,3.4976  ,20.01,4.93  ,17.59,2.5675  
48,26,17.033  ,3.4920  ,19.95,4.93  ,17.60,2.5634  
49,27,17.097  ,0.1591  ,13.14,0.24  ,7.10,0.1535  
50,28,17.097  ,0.1630  ,13.97,0.25  ,7.52,0.1563  
51,29,17.093  ,0.1750  ,13.32,0.26  ,7.19,0.1650  
52,30,17.113  ,0.1656  ,12.79,0.25  ,6.79,0.1582  
53,31,17.117  ,0.1687  ,13.17,0.25  ,7.11,0.1605  
54,32,17.017  ,4.8552  ,24.99,6.90  ,22.78,3.5491  
55,33,17.027  ,4.3654  ,24.40,6.23  ,22.28,3.1950  
56,34,17.007  ,4.5550  ,24.04,6.50  ,21.98,3.3320  
57,35,16.980  ,6.1079  ,22.78,8.74  ,23.55,4.4549  
58,36,16.987  ,5.3117  ,23.61,7.61  ,23.24,3.8792  
59,37,16.993  ,5.2873  ,21.36,7.65  ,22.30,3.8615  
60,IV 10x Cation Std,16.820  ,13.1241  ,22.05,18.68  ,10.22,9.5281  
61,38,17.010  ,5.1201  ,19.52,7.41  ,21.05,3.7407  
62,39,16.987  ,5.2110  ,21.05,7.52  ,21.95,3.8064  
63,40,17.000  ,5.3876  ,20.94,7.80  ,22.12,3.9340  
64,41,16.987  ,5.9439  ,20.35,8.61  ,22.31,4.3363  
65,42,17.083  ,0.0020  ,2.52,0.00  ,1.40,0.0399  
66,C-400x,17.087  ,0.7620  ,22.85,1.12  ,13.46,0.5894  
67,MQ Blank 2,17.097  ,0.0033  ,21.01,0.00  ,19.56,0.0408  
68,43,17.033  ,4.0360  ,20.38,5.65  ,18.09,2.9568  
69,44,17.027  ,3.9821  ,20.54,5.62  ,18.48,2.9178  
70,45,17.040  ,3.6705  ,19.83,5.18  ,17.57,2.6925  
71,46,17.043  ,2.5574  ,20.49,3.62  ,17.93,1.8877  
72,47,17.043  ,2.7391  ,20.04,3.88  ,17.95,2.0191  
73,48,17.087  ,0.1623  ,11.61,0.24  ,6.23,0.1558  
74,49,17.083  ,0.1955  ,14.11,0.29  ,8.10,0.1798  
75,50,17.097  ,0.1556  ,12.08,0.24  ,6.80,0.1510  
76,51,17.097  ,0.1799  ,13.70,0.27  ,7.56,0.1686  
77,52,17.110  ,0.1724  ,13.31,0.26  ,7.30,0.1631  
78,53,16.990  ,5.6764  ,25.56,8.07  ,23.83,4.1429  
79,54,17.003  ,4.9488  ,25.13,7.07  ,23.14,3.6168  
80,55,17.010  ,5.3633  ,25.70,7.64  ,23.89,3.9165  
81,56,17.017  ,4.5978  ,24.95,6.57  ,22.61,3.3630  
82,57,17.050  ,3.4198  ,24.46,4.91  ,23.51,2.5112  
83,58,16.977  ,6.1984  ,20.61,8.96  ,22.45,4.5203  
84,59,16.987  ,6.1811  ,20.68,8.94  ,22.70,4.5078  
85,60,17.003  ,5.1031  ,19.37,7.40  ,21.35,3.7284  
86,61,16.973  ,5.8777  ,20.41,8.50  ,22.18,4.2884  
87,62,16.990  ,5.6437  ,20.88,8.15  ,22.25,4.1192  
88,63,17.103  ,0.0038  ,7.45,0.01  ,5.09,0.0412  
89,C-200x,17.090  ,1.7957  ,23.57,2.57  ,14.14,1.3369  
90,MQ Blank 3,17.083  ,0.0040  ,24.52,0.01  ,23.70,0.0414  
91,64,17.000  ,5.7592  ,21.37,8.04  ,19.83,4.2028  
92,65,16.997  ,5.4429  ,20.75,7.64  ,19.17,3.9741  
93,66,17.013  ,5.0965  ,20.70,7.18  ,19.02,3.7236  
94,67,16.977  ,5.8144  ,20.96,8.30  ,20.04,4.2427  
95,68,16.993  ,5.3865  ,20.96,7.67  ,20.01,3.9333  
96,69,17.123  ,0.4321  ,19.76,0.64  ,12.98,0.3509  
97,70,17.117  ,0.4642  ,20.84,0.68  ,13.74,0.3741  
98,71,17.113  ,0.4604  ,20.33,0.67  ,13.21,0.3713  
99,72,17.097  ,0.4012  ,19.74,0.59  ,12.71,0.3286  
100,73,17.103  ,0.4104  ,19.78,0.61  ,12.82,0.3352  
101,74,16.907  ,9.3194  ,24.83,13.20  ,26.21,6.7771  
102,75,16.830  ,14.3059  ,27.61,19.87  ,29.82,10.3826  
103,76,16.953  ,7.9963  ,25.99,11.35  ,25.02,5.8204  
104,77,16.963  ,7.2380  ,22.78,10.24  ,21.85,5.2721  
105,78,16.927  ,8.8069  ,25.78,12.51  ,25.94,6.4065  
106,79,16.993  ,5.6245  ,21.02,8.13  ,22.35,4.1053  
107,80,16.973  ,6.3257  ,21.02,9.09  ,22.59,4.6124  
108,81,16.973  ,6.8980  ,20.43,9.97  ,22.84,5.0262  
109,82,16.983  ,5.6510  ,20.68,8.16  ,21.83,4.1245  
110,83,17.013  ,4.6728  ,19.30,6.76  ,20.61,3.4173  
111,84,17.073  ,0.0041  ,8.82,0.01  ,8.70,0.0414  
112,C-800x,17.097  ,0.3544  ,21.64,0.53  ,12.77,0.2947  
113,MQ Blank 4,17.077  ,0.0031  ,22.64,0.00  ,21.81,0.0407  
114,SB 1,17.097  ,0.0041  ,4.51,0.01  ,2.08,0.0414  
115,SB 2,n.a.,n.a.,n.a.,n.a.,n.a.,n.a.
116,SB 3,17.113  ,0.0007  ,5.38,0.00  ,2.70,0.0390  
117,SB 4,17.073  ,0.0005  ,6.33,0.00  ,6.26,0.0389  
118,IV 10x Cation Std,16.830  ,13.1378  ,21.98,18.71  ,10.24,9.5381  
,Sum:,1955.680  ,590.907  ,2267.077  ,792.066  ,1877.711  ,431.691  
,Average:,17.006  ,5.138  ,19.714  ,6.888  ,16.328  ,3.754  
,Rel.Std.Dev:,0.895 %,185.822 %,26.503 %,161.939 %,39.344 %,183.918 %
,,,,,,,
No. ,Name ,Time ,Area ,Rel.Area ,Height ,Rel.Height ,Amount 
,,min,µS*min,%,µS,%,mg/l
,,CD_1,CD_1,CD_1,CD_1,CD_1,CD_1
,,Calcium,Calcium,Calcium,Calcium,Calcium,Calcium
1,DI Water,23.480  ,0.0051  ,47.98,0.01  ,22.28,0.0502  
2,!00x Cation Std,23.263  ,4.0503  ,29.40,4.43  ,13.71,4.8550  
3,DI water,23.463  ,0.0043  ,96.24,0.01  ,85.87,0.0492  
4,1600x,23.460  ,0.2233  ,29.89,0.26  ,13.03,0.3093  
5,800x,23.453  ,0.4560  ,28.80,0.53  ,12.74,0.5857  
6,400x,23.410  ,0.9522  ,28.79,1.08  ,13.12,1.1751  
7,200x,23.353  ,2.1730  ,28.89,2.40  ,13.36,2.6251  
8,20x,22.657  ,21.0040  ,30.41,20.45  ,13.60,24.9923  
9,5x,21.497  ,80.4905  ,31.29,55.72  ,11.59,95.6490  
10,!00x Cation Std,23.273  ,4.0491  ,29.52,4.43  ,13.73,4.8536  
11,DI water,23.493  ,0.0049  ,41.83,0.01  ,19.70,0.0499  
12,!00x Cation Std,23.263  ,4.0241  ,29.26,4.41  ,13.65,4.8239  
13,!00x Cation Std,22.193  ,40.3560  ,30.86,33.95  ,12.63,47.9781  
14,062,22.830  ,15.4971  ,71.26,15.78  ,51.89,18.4512  
15,055,22.810  ,16.2592  ,50.58,16.44  ,32.96,19.3565  
16,043,23.233  ,5.3234  ,50.74,5.79  ,34.33,6.3672  
17,100x Cation Std,23.277  ,4.0470  ,29.37,4.44  ,13.71,4.8511  
18,10x Cation Std,22.207  ,40.3805  ,30.86,33.93  ,12.59,48.0072  
19,IV 10x Cation Std,23.110  ,8.0877  ,13.59,8.67  ,4.73,9.6506  
20,IV 10x Cation Std,23.103  ,8.1092  ,13.60,8.71  ,4.73,9.6760  
21,1,21.817  ,0.8530  ,5.58,0.92  ,3.98,1.0573  
22,2,23.210  ,5.6882  ,44.79,6.17  ,28.95,6.8005  
23,3,23.187  ,5.7483  ,47.34,6.24  ,31.31,6.8719  
24,4,23.200  ,6.0998  ,45.31,6.62  ,29.42,7.2893  
25,5,23.183  ,6.2605  ,47.74,6.78  ,31.56,7.4802  
26,6,23.477  ,0.3029  ,27.44,0.35  ,11.33,0.4039  
27,7,23.473  ,0.3125  ,27.14,0.36  ,11.36,0.4153  
28,8,23.467  ,0.2454  ,21.46,0.29  ,8.38,0.3356  
29,9,23.473  ,0.2735  ,22.84,0.32  ,9.10,0.3690  
30,10,23.477  ,0.2504  ,21.51,0.30  ,8.41,0.3416  
31,11,23.193  ,5.8849  ,55.69,6.40  ,37.88,7.0340  
32,12,23.250  ,4.9647  ,52.61,5.42  ,35.13,5.9411  
33,13,23.253  ,4.7147  ,52.46,5.15  ,34.84,5.6441  
34,14,23.183  ,6.1745  ,55.29,6.71  ,37.56,7.3781  
35,15,23.230  ,5.2574  ,53.96,5.73  ,36.43,6.2887  
36,16,22.920  ,13.4401  ,70.71,13.88  ,52.21,16.0080  
37,17,22.863  ,14.2944  ,70.68,14.69  ,52.03,17.0227  
38,18,22.937  ,12.3449  ,70.10,12.87  ,51.65,14.7072  
39,19,23.007  ,11.0540  ,69.03,11.63  ,50.09,13.1738  
40,20,22.973  ,11.5303  ,69.01,12.10  ,50.09,13.7396  
41,21,23.513  ,0.0125  ,41.08,0.01  ,16.88,0.0590  
42,C-5x,21.530  ,80.4446  ,31.26,55.55  ,11.54,95.5944  
43,MQ Blank 1,23.483  ,0.0096  ,57.17,0.01  ,37.72,0.0555  
44,22,23.097  ,8.4725  ,49.11,9.04  ,32.84,10.1076  
45,23,21.127  ,0.0052  ,0.03,0.01  ,0.02,0.0503  
46,24,20.730  ,0.0051  ,0.03,0.01  ,0.03,0.0502  
47,25,23.087  ,8.5038  ,48.66,9.08  ,32.42,10.1447  
48,26,21.067  ,0.0049  ,0.03,0.01  ,0.02,0.0500  
49,27,23.457  ,0.3405  ,28.13,0.40  ,11.67,0.4486  
50,28,23.470  ,0.3231  ,27.68,0.38  ,11.61,0.4279  
51,29,23.467  ,0.3683  ,28.04,0.43  ,11.78,0.4816  
52,30,23.480  ,0.3296  ,25.47,0.39  ,10.54,0.4356  
53,31,23.487  ,0.3463  ,27.04,0.41  ,11.44,0.4555  
54,32,23.027  ,10.3097  ,53.06,10.91  ,36.04,12.2898  
55,33,23.050  ,9.7094  ,54.27,10.32  ,36.89,11.5767  
56,34,23.027  ,10.2749  ,54.23,10.87  ,36.77,12.2484  
57,35,22.787  ,16.8465  ,62.83,16.97  ,45.72,20.0540  
58,36,22.903  ,13.3875  ,59.51,13.87  ,42.37,15.9455  
59,37,22.777  ,17.2162  ,69.55,17.31  ,50.48,20.4931  
60,IV 10x Cation Std,23.090  ,8.1215  ,13.64,8.70  ,4.76,9.6906  
61,38,21.767  ,0.6019  ,2.29,0.84  ,2.40,0.7590  
62,39,22.770  ,17.2642  ,69.73,17.33  ,50.57,20.5501  
63,40,22.753  ,18.0736  ,70.25,18.02  ,51.06,21.5116  
64,41,22.673  ,20.9771  ,71.83,20.42  ,52.92,24.9602  
65,42,23.487  ,0.0337  ,43.41,0.04  ,18.09,0.0842  
66,C-400x,23.417  ,1.0051  ,30.14,1.14  ,13.72,1.2379  
67,MQ Blank 2,23.500  ,0.0102  ,65.57,0.01  ,47.67,0.0563  
68,43,23.057  ,9.7731  ,49.34,10.37  ,33.17,11.6523  
69,44,23.043  ,9.7445  ,50.27,10.34  ,33.96,11.6184  
70,45,21.077  ,0.0049  ,0.03,0.01  ,0.02,0.0499  
71,46,23.173  ,6.1000  ,48.88,6.62  ,32.76,7.2896  
72,47,23.150  ,7.0459  ,51.55,7.60  ,35.14,8.4130  
73,48,23.450  ,0.4064  ,29.07,0.47  ,12.20,0.5268  
74,49,23.440  ,0.4363  ,31.49,0.51  ,14.00,0.5623  
75,50,23.463  ,0.3664  ,28.43,0.43  ,11.97,0.4793  
76,51,23.457  ,0.3856  ,29.36,0.45  ,12.62,0.5021  
77,52,23.483  ,0.3682  ,28.43,0.43  ,12.04,0.4815  
78,53,22.947  ,12.1583  ,54.76,12.71  ,37.52,14.4855  
79,54,23.013  ,10.8077  ,54.89,11.41  ,37.34,12.8813  
80,55,23.003  ,11.2264  ,53.80,11.82  ,36.99,13.3786  
81,56,23.037  ,9.9046  ,53.75,10.52  ,36.21,11.8086  
82,57,23.113  ,8.1937  ,58.60,8.80  ,42.08,9.7764  
83,58,20.780  ,0.0026  ,0.01,0.01  ,0.01,0.0472  
84,59,22.673  ,21.3638  ,71.48,20.71  ,52.59,25.4196  
85,60,22.723  ,19.2549  ,73.10,19.01  ,54.86,22.9146  
86,61,22.683  ,20.5538  ,71.38,20.05  ,52.30,24.4574  
87,62,22.737  ,19.0676  ,70.53,18.88  ,51.52,22.6922  
88,63,23.510  ,0.0307  ,59.84,0.04  ,31.04,0.0806  
89,C-200x,23.393  ,2.2517  ,29.56,2.50  ,13.75,2.7186  
90,MQ Blank 3,23.510  ,0.0104  ,63.71,0.01  ,48.10,0.0565  
91,64,20.533  ,0.0100  ,0.04,0.01  ,0.03,0.0561  
92,65,20.543  ,0.0055  ,0.02,0.01  ,0.02,0.0506  
93,66,20.630  ,0.0048  ,0.02,0.01  ,0.02,0.0499  
94,67,20.980  ,0.0057  ,0.02,0.01  ,0.02,0.0510  
95,68,20.600  ,0.0056  ,0.02,0.01  ,0.02,0.0507  
96,69,23.467  ,0.8663  ,39.62,0.98  ,19.81,1.0730  
97,70,23.467  ,0.8936  ,40.13,1.01  ,20.52,1.1055  
98,71,23.453  ,0.8734  ,38.56,0.99  ,19.47,1.0815  
99,72,23.450  ,0.7673  ,37.75,0.87  ,18.74,0.9555  
100,73,23.443  ,0.7938  ,38.25,0.91  ,18.97,0.9869  
101,74,22.620  ,22.8856  ,60.98,21.89  ,43.47,27.2271  
102,75,22.427  ,31.0884  ,59.99,27.86  ,41.81,36.9702  
103,76,22.803  ,16.8151  ,54.66,16.93  ,37.33,20.0167  
104,77,22.793  ,17.3755  ,54.68,17.43  ,37.17,20.6824  
105,78,22.710  ,19.7486  ,57.80,19.41  ,40.22,23.5010  
106,79,22.737  ,18.8714  ,70.52,18.69  ,51.41,22.4592  
107,80,22.680  ,21.1331  ,70.22,20.50  ,50.97,25.1456  
108,81,22.590  ,24.2831  ,71.92,23.01  ,52.70,28.8870  
109,82,22.720  ,19.1417  ,70.04,18.90  ,50.55,22.7802  
110,83,22.780  ,17.4455  ,72.04,17.49  ,53.30,20.7655  
111,84,23.493  ,0.0366  ,78.66,0.04  ,57.13,0.0876  
112,C-800x,23.457  ,0.5076  ,31.00,0.58  ,13.88,0.6471  
113,MQ Blank 4,23.510  ,0.0090  ,65.08,0.01  ,49.44,0.0548  
114,SB 1,23.497  ,0.0205  ,22.80,0.02  ,8.04,0.0685  
115,SB 2,23.510  ,0.0096  ,91.36,0.01  ,78.55,0.0556  
116,SB 3,23.510  ,0.0060  ,44.40,0.01  ,17.11,0.0513  
117,SB 4,23.517  ,0.0062  ,71.13,0.01  ,46.14,0.0514  
118,IV 10x Cation Std,23.110  ,8.1369  ,13.61,8.68  ,4.75,9.7089  
,Sum:,2702.570  ,1005.393  ,5075.516  ,956.773  ,3227.414  ,1199.389  
,Average:,22.903  ,8.520  ,43.013  ,8.108  ,27.351  ,10.164  
,Rel.Std.Dev:,3.336 %,150.721 %,52.617 %,126.486 %,69.262 %,150.067 %
,,,,,,,
No. ,Name ,Time ,Area ,Rel.Area ,Height ,Rel.Height ,Amount 
,,min,µS*min,%,µS,%,mg/l
,,CD_1,CD_1,CD_1,CD_1,CD_1,CD_1
,,Sodium,Sodium,Sodium,Sodium,Sodium,Sodium
1,DI Water,8.083  ,0.0008  ,7.17,0.00  ,13.41,0.0192  
2,!00x Cation Std,8.097  ,1.3723  ,9.96,6.08  ,18.82,1.9336  
3,DI water,8.077  ,0.0002  ,3.76,0.00  ,14.13,0.0183  
4,1600x,8.093  ,0.0721  ,9.65,0.35  ,17.18,0.1187  
5,800x,8.100  ,0.1539  ,9.72,0.72  ,17.42,0.2328  
6,400x,8.093  ,0.3224  ,9.75,1.46  ,17.76,0.4681  
7,200x,8.093  ,0.7459  ,9.92,3.31  ,18.44,1.0592  
8,20x,8.100  ,7.1486  ,10.35,31.22  ,20.75,9.9962  
9,5x,8.073  ,27.2710  ,10.60,116.88  ,24.32,38.0833  
10,!00x Cation Std,8.100  ,1.3626  ,9.93,6.08  ,18.83,1.9200  
11,DI water,8.080  ,0.0014  ,11.60,0.01  ,21.57,0.0200  
12,!00x Cation Std,8.073  ,1.3718  ,9.97,6.09  ,18.84,1.9328  
13,!00x Cation Std,8.093  ,13.7027  ,10.48,60.00  ,22.32,19.1445  
14,062,8.093  ,1.6677  ,7.67,7.48  ,24.58,2.3459  
15,055,8.093  ,1.5218  ,4.73,6.80  ,13.64,2.1423  
16,043,8.097  ,0.1472  ,1.40,0.70  ,4.12,0.2236  
17,100x Cation Std,8.090  ,1.3733  ,9.97,6.10  ,18.84,1.9349  
18,10x Cation Std,8.100  ,13.7228  ,10.49,60.03  ,22.27,19.1726  
19,IV 10x Cation Std,8.087  ,6.8758  ,11.56,29.96  ,16.36,9.6154  
20,IV 10x Cation Std,8.087  ,6.8946  ,11.57,30.01  ,16.32,9.6417  
21,1,8.100  ,0.2027  ,1.33,0.94  ,4.09,0.3011  
22,2,8.097  ,0.1988  ,1.57,0.93  ,4.37,0.2956  
23,3,8.077  ,0.1776  ,1.46,0.83  ,4.18,0.2660  
24,4,8.090  ,0.2165  ,1.61,1.01  ,4.48,0.3202  
25,5,8.097  ,0.2097  ,1.60,0.98  ,4.55,0.3108  
26,6,8.097  ,0.3731  ,33.79,1.69  ,54.19,0.5388  
27,7,8.090  ,0.3955  ,34.36,1.76  ,54.99,0.5702  
28,8,8.097  ,0.4545  ,39.74,2.07  ,59.80,0.6525  
29,9,8.093  ,0.4541  ,37.92,2.06  ,58.43,0.6519  
30,10,8.100  ,0.4739  ,40.70,2.11  ,59.87,0.6795  
31,11,8.100  ,0.5998  ,5.68,2.71  ,16.01,0.8554  
32,12,8.097  ,0.4982  ,5.28,2.27  ,14.69,0.7135  
33,13,8.090  ,0.4532  ,5.04,2.06  ,13.96,0.6507  
34,14,8.097  ,0.5334  ,4.78,2.42  ,13.56,0.7626  
35,15,8.087  ,0.5042  ,5.17,2.29  ,14.57,0.7218  
36,16,8.090  ,1.4193  ,7.47,6.34  ,23.86,1.9991  
37,17,8.073  ,1.5206  ,7.52,6.82  ,24.15,2.1406  
38,18,8.097  ,1.3617  ,7.73,6.06  ,24.31,1.9188  
39,19,8.093  ,1.3233  ,8.26,5.94  ,25.56,1.8651  
40,20,8.093  ,1.3757  ,8.23,6.17  ,25.54,1.9383  
41,21,8.087  ,0.0101  ,33.05,0.05  ,57.88,0.0321  
42,C-5x,8.103  ,27.3495  ,10.63,117.41  ,24.39,38.1929  
43,MQ Blank 1,8.093  ,0.0007  ,4.22,0.00  ,12.02,0.0191  
44,22,8.093  ,0.2560  ,1.48,1.18  ,4.28,0.3754  
45,23,8.097  ,0.2633  ,1.48,1.22  ,4.28,0.3856  
46,24,8.093  ,0.2720  ,1.53,1.25  ,4.43,0.3977  
47,25,8.080  ,0.2563  ,1.47,1.19  ,4.24,0.3759  
48,26,8.093  ,0.2604  ,1.49,1.21  ,4.31,0.3816  
49,27,8.093  ,0.4197  ,34.67,1.90  ,55.88,0.6039  
50,28,8.097  ,0.4070  ,34.87,1.82  ,55.91,0.5862  
51,29,8.100  ,0.4472  ,34.05,2.01  ,55.13,0.6423  
52,30,8.093  ,0.4484  ,34.64,2.01  ,54.97,0.6440  
53,31,8.097  ,0.4260  ,33.26,1.91  ,53.84,0.6128  
54,32,8.090  ,0.8799  ,4.53,3.95  ,13.05,1.2463  
55,33,8.093  ,0.8904  ,4.98,4.01  ,14.32,1.2609  
56,34,8.097  ,0.9035  ,4.77,4.07  ,13.75,1.2792  
57,35,8.100  ,0.8125  ,3.03,3.67  ,9.88,1.1522  
58,36,8.097  ,0.8154  ,3.62,3.68  ,11.25,1.1562  
59,37,8.097  ,1.8757  ,7.58,8.31  ,24.24,2.6362  
60,IV 10x Cation Std,8.083  ,6.8800  ,11.56,29.93  ,16.38,9.6213  
61,38,8.097  ,1.8544  ,7.07,8.27  ,23.50,2.6065  
62,39,8.077  ,1.8787  ,7.59,8.36  ,24.40,2.6404  
63,40,8.097  ,1.9229  ,7.47,8.56  ,24.26,2.7021  
64,41,8.097  ,1.9573  ,6.70,8.70  ,22.55,2.7501  
65,42,8.100  ,0.0265  ,34.12,0.13  ,57.81,0.0551  
66,C-400x,8.083  ,0.3162  ,9.48,1.46  ,17.60,0.4594  
67,MQ Blank 2,8.093  ,0.0009  ,5.84,0.00  ,17.58,0.0194  
68,43,8.097  ,0.2928  ,1.48,1.34  ,4.30,0.4268  
69,44,8.093  ,0.2832  ,1.46,1.30  ,4.28,0.4133  
70,45,8.093  ,0.2804  ,1.52,1.30  ,4.39,0.4095  
71,46,8.073  ,0.1697  ,1.36,0.79  ,3.93,0.2550  
72,47,8.093  ,0.1932  ,1.41,0.90  ,4.17,0.2877  
73,48,8.083  ,0.4667  ,33.38,2.09  ,53.84,0.6695  
74,49,8.077  ,0.3916  ,28.26,1.75  ,48.38,0.5647  
75,50,8.087  ,0.4426  ,34.35,1.97  ,55.11,0.6359  
76,51,8.073  ,0.4131  ,31.45,1.86  ,52.02,0.5947  
77,52,8.093  ,0.4291  ,33.13,1.92  ,53.78,0.6170  
78,53,8.100  ,1.0585  ,4.77,4.74  ,14.00,1.4955  
79,54,8.097  ,1.0597  ,5.38,4.76  ,15.60,1.4973  
80,55,8.097  ,0.8653  ,4.15,3.89  ,12.19,1.2259  
81,56,8.100  ,1.0065  ,5.46,4.53  ,15.60,1.4229  
82,57,8.093  ,0.5487  ,3.92,2.49  ,11.92,0.7840  
83,58,8.080  ,2.0128  ,6.69,8.92  ,22.37,2.8276  
84,59,8.090  ,1.9452  ,6.51,8.63  ,21.92,2.7333  
85,60,8.090  ,1.6442  ,6.24,7.31  ,21.10,2.3130  
86,61,8.093  ,1.9555  ,6.79,8.67  ,22.60,2.7476  
87,62,8.093  ,1.9044  ,7.04,8.50  ,23.19,2.6762  
88,63,8.100  ,0.0128  ,24.88,0.06  ,54.54,0.0359  
89,C-200x,8.100  ,0.7402  ,9.72,3.31  ,18.23,1.0513  
90,MQ Blank 3,8.083  ,0.0007  ,4.11,0.00  ,11.47,0.0190  
91,64,8.097  ,0.2939  ,1.09,1.36  ,3.36,0.4283  
92,65,8.093  ,0.3012  ,1.15,1.40  ,3.52,0.4385  
93,66,8.100  ,0.2901  ,1.18,1.34  ,3.55,0.4230  
94,67,8.097  ,0.2778  ,1.00,1.29  ,3.12,0.4058  
95,68,8.097  ,0.2767  ,1.08,1.28  ,3.33,0.4043  
96,69,8.103  ,0.4245  ,19.41,1.94  ,39.15,0.6106  
97,70,8.097  ,0.4467  ,20.06,2.00  ,40.35,0.6416  
98,71,8.090  ,0.4275  ,18.88,1.95  ,38.20,0.6149  
99,72,8.097  ,0.4103  ,20.19,1.87  ,40.03,0.5907  
100,73,8.097  ,0.4278  ,20.61,1.95  ,40.77,0.6152  
101,74,8.100  ,0.9394  ,2.50,4.22  ,8.37,1.3293  
102,75,8.090  ,1.1697  ,2.26,5.26  ,7.89,1.6508  
103,76,8.093  ,1.0382  ,3.37,4.61  ,10.18,1.4672  
104,77,8.103  ,0.7800  ,2.45,3.50  ,7.46,1.1068  
105,78,8.093  ,1.0659  ,3.12,4.72  ,9.78,1.5059  
106,79,8.090  ,1.9440  ,7.26,8.67  ,23.86,2.7315  
107,80,8.093  ,1.9025  ,6.32,8.49  ,21.10,2.6736  
108,81,8.090  ,2.0761  ,6.15,9.25  ,21.19,2.9159  
109,82,8.093  ,1.9186  ,7.02,8.56  ,22.91,2.6961  
110,83,8.090  ,1.5965  ,6.59,7.13  ,21.73,2.2465  
111,84,8.090  ,0.0036  ,7.77,0.02  ,24.38,0.0231  
112,C-800x,8.090  ,0.1530  ,9.34,0.72  ,17.14,0.2317  
113,MQ Blank 4,8.093  ,0.0004  ,2.89,0.00  ,8.05,0.0186  
114,SB 1,8.103  ,0.0444  ,49.30,0.21  ,70.61,0.0800  
115,SB 2,8.090  ,0.0003  ,2.77,0.00  ,10.43,0.0185  
116,SB 3,8.077  ,0.0063  ,46.33,0.03  ,76.93,0.0268  
117,SB 4,8.093  ,0.0013  ,15.19,0.01  ,37.82,0.0199  
118,IV 10x Cation Std,8.093  ,6.9223  ,11.58,29.86  ,16.34,9.6803  
,Sum:,954.890  ,193.561  ,1345.022  ,849.679  ,2727.665  ,272.309  
,Average:,8.092  ,1.640  ,11.398  ,7.201  ,23.116  ,2.308  
,Rel.Std.Dev:,0.089 %,244.930 %,103.809 %,240.293 %,77.041 %,243.010 %
,,,,,,,
No. ,Name ,Time ,Area ,Rel.Area ,Height ,Rel.Height ,Amount 
,,min,µS*min,%,µS,%,mg/l
,,CD_1,CD_1,CD_1,CD_1,CD_1,CD_1
,,Ammonia,Ammonia,Ammonia,Ammonia,Ammonia,Ammonia
1,DI Water,9.917  ,0.0034  ,31.59,0.01  ,50.83,n.a.
2,!00x Cation Std,9.957  ,1.4261  ,10.35,4.07  ,12.60,3.4645  
3,DI water,n.a.,n.a.,n.a.,n.a.,n.a.,n.a.
4,1600x,9.930  ,0.1154  ,15.45,0.45  ,22.16,n.a.
5,800x,9.943  ,0.2313  ,14.61,0.84  ,20.33,0.0676  
6,400x,9.947  ,0.4461  ,13.49,1.48  ,18.01,0.6783  
7,200x,9.953  ,0.8820  ,11.73,2.68  ,14.95,1.9178  
8,20x,9.943  ,4.5838  ,6.64,10.90  ,7.25,12.4419  
9,5x,9.857  ,10.7706  ,4.19,22.54  ,4.69,30.0308  
10,!00x Cation Std,9.960  ,1.4060  ,10.25,4.05  ,12.53,3.4072  
11,DI water,9.910  ,0.0029  ,24.61,0.01  ,40.84,n.a.
12,!00x Cation Std,9.937  ,1.4254  ,10.36,4.08  ,12.62,3.4625  
13,!00x Cation Std,9.913  ,6.9970  ,5.35,15.70  ,5.84,19.3025  
14,062,n.a.,n.a.,n.a.,n.a.,n.a.,n.a.
15,055,9.943  ,0.0103  ,0.03,0.01  ,0.02,n.a.
16,043,9.920  ,0.0004  ,0.00,0.00  ,0.01,n.a.
17,100x Cation Std,9.953  ,1.4284  ,10.36,4.09  ,12.61,3.4710  
18,10x Cation Std,9.923  ,7.0005  ,5.35,15.70  ,5.83,19.3126  
19,IV 10x Cation Std,9.937  ,3.8519  ,6.47,9.40  ,5.13,10.3612  
20,IV 10x Cation Std,9.940  ,3.8593  ,6.47,9.41  ,5.12,10.3822  
21,1,9.910  ,0.0003  ,0.00,0.00  ,0.00,n.a.
22,2,n.a.,n.a.,n.a.,n.a.,n.a.,n.a.
23,3,n.a.,n.a.,n.a.,n.a.,n.a.,n.a.
24,4,9.917  ,0.0016  ,0.01,0.00  ,0.02,n.a.
25,5,9.920  ,0.0036  ,0.03,0.01  ,0.05,n.a.
26,6,9.927  ,0.0614  ,5.56,0.25  ,8.01,n.a.
27,7,9.920  ,0.0483  ,4.20,0.20  ,6.22,n.a.
28,8,9.927  ,0.0534  ,4.67,0.19  ,5.57,n.a.
29,9,9.927  ,0.0542  ,4.52,0.19  ,5.37,n.a.
30,10,9.933  ,0.0542  ,4.66,0.22  ,6.36,n.a.
31,11,n.a.,n.a.,n.a.,n.a.,n.a.,n.a.
32,12,9.893  ,0.0044  ,0.05,0.00  ,0.02,n.a.
33,13,9.860  ,0.0042  ,0.05,0.00  ,0.02,n.a.
34,14,9.893  ,0.0057  ,0.05,0.00  ,0.02,n.a.
35,15,9.880  ,0.0051  ,0.05,0.00  ,0.02,n.a.
36,16,n.a.,n.a.,n.a.,n.a.,n.a.,n.a.
37,17,n.a.,n.a.,n.a.,n.a.,n.a.,n.a.
38,18,n.a.,n.a.,n.a.,n.a.,n.a.,n.a.
39,19,9.923  ,0.0149  ,0.09,0.02  ,0.07,n.a.
40,20,9.920  ,0.0156  ,0.09,0.02  ,0.07,n.a.
41,21,9.910  ,0.0021  ,6.96,0.01  ,10.16,n.a.
42,C-5x,9.887  ,10.8098  ,4.20,22.62  ,4.70,30.1423  
43,MQ Blank 1,9.927  ,0.0013  ,7.68,0.01  ,17.90,n.a.
44,22,9.923  ,0.0020  ,0.01,0.00  ,0.01,n.a.
45,23,9.917  ,0.0022  ,0.01,0.00  ,0.01,n.a.
46,24,9.923  ,0.0015  ,0.01,0.00  ,0.01,n.a.
47,25,9.933  ,0.0017  ,0.01,0.00  ,0.01,n.a.
48,26,9.917  ,0.0013  ,0.01,0.00  ,0.01,n.a.
49,27,9.927  ,0.0522  ,4.31,0.21  ,6.31,n.a.
50,28,9.930  ,0.0512  ,4.39,0.21  ,6.46,n.a.
51,29,9.930  ,0.0513  ,3.91,0.21  ,5.83,n.a.
52,30,9.923  ,0.0495  ,3.83,0.20  ,5.58,n.a.
53,31,9.927  ,0.0462  ,3.60,0.19  ,5.39,n.a.
54,32,9.907  ,0.0112  ,0.06,0.01  ,0.02,n.a.
55,33,9.907  ,0.0085  ,0.05,0.01  ,0.02,n.a.
56,34,9.930  ,0.0087  ,0.05,0.01  ,0.02,n.a.
57,35,9.927  ,0.0063  ,0.02,0.01  ,0.02,n.a.
58,36,9.920  ,0.0067  ,0.03,0.01  ,0.02,n.a.
59,37,n.a.,n.a.,n.a.,n.a.,n.a.,n.a.
60,IV 10x Cation Std,9.933  ,3.8493  ,6.47,9.38  ,5.13,10.3537  
61,38,9.883  ,0.0111  ,0.04,0.01  ,0.02,n.a.
62,39,n.a.,n.a.,n.a.,n.a.,n.a.,n.a.
63,40,n.a.,n.a.,n.a.,n.a.,n.a.,n.a.
64,41,n.a.,n.a.,n.a.,n.a.,n.a.,n.a.
65,42,9.927  ,0.0064  ,8.27,0.03  ,11.89,n.a.
66,C-400x,9.933  ,0.4290  ,12.87,1.47  ,17.74,0.6298  
67,MQ Blank 2,9.930  ,0.0005  ,3.03,0.00  ,7.98,n.a.
68,43,9.947  ,0.0024  ,0.01,0.00  ,0.01,n.a.
69,44,9.940  ,0.0018  ,0.01,0.00  ,0.01,n.a.
70,45,9.920  ,0.0313  ,0.17,0.12  ,0.41,n.a.
71,46,9.900  ,0.0152  ,0.12,0.06  ,0.30,n.a.
72,47,9.927  ,0.0010  ,0.01,0.00  ,0.01,n.a.
73,48,9.920  ,0.0760  ,5.44,0.31  ,7.89,n.a.
74,49,9.910  ,0.0690  ,4.98,0.28  ,7.74,n.a.
75,50,9.917  ,0.0656  ,5.09,0.27  ,7.44,n.a.
76,51,9.907  ,0.0673  ,5.12,0.27  ,7.64,n.a.
77,52,9.927  ,0.0595  ,4.59,0.24  ,6.81,n.a.
78,53,9.923  ,0.0119  ,0.05,0.01  ,0.02,n.a.
79,54,9.930  ,0.0089  ,0.05,0.01  ,0.02,n.a.
80,55,9.930  ,0.0081  ,0.04,0.01  ,0.02,n.a.
81,56,9.913  ,0.0025  ,0.01,0.00  ,0.02,n.a.
82,57,9.890  ,0.0040  ,0.03,0.00  ,0.02,n.a.
83,58,n.a.,n.a.,n.a.,n.a.,n.a.,n.a.
84,59,n.a.,n.a.,n.a.,n.a.,n.a.,n.a.
85,60,n.a.,n.a.,n.a.,n.a.,n.a.,n.a.
86,61,n.a.,n.a.,n.a.,n.a.,n.a.,n.a.
87,62,9.897  ,0.0151  ,0.06,0.01  ,0.02,n.a.
88,63,9.920  ,0.0002  ,0.47,0.00  ,0.86,n.a.
89,C-200x,9.957  ,0.8814  ,11.57,2.70  ,14.85,1.9159  
90,MQ Blank 3,9.927  ,0.0007  ,4.06,0.00  ,10.66,n.a.
91,64,9.947  ,0.4754  ,1.76,1.61  ,3.97,0.7616  
92,65,9.943  ,0.4690  ,1.79,1.60  ,4.01,0.7434  
93,66,9.950  ,0.3369  ,1.37,1.17  ,3.11,0.3679  
94,67,9.947  ,0.3364  ,1.21,1.19  ,2.87,0.3664  
95,68,9.933  ,0.1490  ,0.58,0.56  ,1.47,n.a.
96,69,9.943  ,0.1305  ,5.97,0.50  ,9.99,n.a.
97,70,9.930  ,0.0984  ,4.42,0.39  ,7.83,n.a.
98,71,9.927  ,0.1322  ,5.84,0.49  ,9.65,n.a.
99,72,9.933  ,0.1149  ,5.65,0.42  ,9.07,n.a.
100,73,9.930  ,0.1148  ,5.53,0.43  ,9.00,n.a.
101,74,9.933  ,0.0906  ,0.24,0.31  ,0.61,n.a.
102,75,9.950  ,0.7440  ,1.44,2.35  ,3.53,1.5253  
103,76,9.937  ,0.1974  ,0.64,0.73  ,1.62,n.a.
104,77,9.943  ,0.1270  ,0.40,0.49  ,1.05,n.a.
105,78,9.940  ,0.1902  ,0.56,0.71  ,1.47,n.a.
106,79,9.917  ,0.0275  ,0.10,0.06  ,0.18,n.a.
107,80,9.940  ,0.2401  ,0.80,0.81  ,2.01,0.0926  
108,81,9.923  ,0.0867  ,0.26,0.27  ,0.63,n.a.
109,82,9.930  ,0.1160  ,0.42,0.40  ,1.07,n.a.
110,83,9.927  ,0.1040  ,0.43,0.35  ,1.07,n.a.
111,84,9.920  ,0.0009  ,1.97,0.00  ,5.13,n.a.
112,C-800x,9.933  ,0.2256  ,13.77,0.83  ,19.71,0.0514  
113,MQ Blank 4,9.923  ,0.0007  ,5.34,0.00  ,13.91,n.a.
114,SB 1,9.930  ,0.0024  ,2.67,0.01  ,3.27,n.a.
115,SB 2,n.a.,n.a.,n.a.,n.a.,n.a.,n.a.
116,SB 3,n.a.,n.a.,n.a.,n.a.,n.a.,n.a.
117,SB 4,n.a.,n.a.,n.a.,n.a.,n.a.,n.a.
118,IV 10x Cation Std,9.947  ,3.8941  ,6.51,9.38  ,5.14,10.4810  
,Sum:,982.580  ,69.904  ,392.694  ,170.500  ,574.568  ,175.731  
,Average:,9.925  ,0.706  ,3.967  ,1.722  ,5.804  ,7.029  
,Rel.Std.Dev:,0.188 %,276.624 %,133.948 %,248.528 %,138.447 %,128.801 %
,,,,,,,
No. ,Name ,Time ,Area ,Rel.Area ,Height ,Rel.Height ,Amount 
,,min,µS*min,%,µS,%,mg/l
,,CD_1,CD_1,CD_1,CD_1,CD_1,CD_1
,,Potassium,Potassium,Potassium,Potassium,Potassium,Potassium
1,DI Water,15.063  ,0.0014  ,13.25,0.00  ,13.48,0.0702  
2,!00x Cation Std,14.543  ,2.1916  ,15.91,5.59  ,17.31,4.8246  
3,DI water,n.a.,n.a.,n.a.,n.a.,n.a.,n.a.
4,1600x,14.817  ,0.1123  ,15.03,0.31  ,15.23,0.3109  
5,800x,14.767  ,0.2414  ,15.25,0.65  ,15.78,0.5912  
6,400x,14.700  ,0.5074  ,15.34,1.34  ,16.31,1.1686  
7,200x,14.617  ,1.1780  ,15.66,3.04  ,16.90,2.6242  
8,20x,14.240  ,11.4824  ,16.63,26.25  ,17.45,24.9925  
9,5x,13.790  ,44.0335  ,17.12,81.56  ,16.97,95.6529  
10,!00x Cation Std,14.537  ,2.1885  ,15.96,5.59  ,17.31,4.8179  
11,DI water,15.083  ,0.0011  ,9.34,0.00  ,9.74,0.0695  
12,!00x Cation Std,14.517  ,2.1923  ,15.94,5.59  ,17.31,4.8260  
13,!00x Cation Std,14.057  ,22.0889  ,16.89,46.10  ,17.15,48.0166  
14,062,14.710  ,0.4002  ,1.84,1.09  ,3.59,0.9358  
15,055,14.370  ,6.2216  ,19.36,15.15  ,30.37,13.5728  
16,043,14.503  ,2.9132  ,27.77,7.37  ,43.73,6.3910  
17,100x Cation Std,14.533  ,2.1942  ,15.92,5.61  ,17.31,4.8302  
18,10x Cation Std,14.063  ,22.0900  ,16.88,46.13  ,17.12,48.0191  
19,IV 10x Cation Std,14.420  ,4.3340  ,7.28,10.80  ,5.90,9.4753  
20,IV 10x Cation Std,14.427  ,4.3454  ,7.29,10.83  ,5.89,9.5000  
21,1,14.453  ,4.1592  ,27.23,10.37  ,44.84,9.0958  
22,2,14.437  ,4.2697  ,33.62,10.62  ,49.85,9.3357  
23,3,14.440  ,3.7340  ,30.75,9.35  ,46.91,8.1728  
24,4,14.430  ,4.5082  ,33.49,11.16  ,49.60,9.8533  
25,5,14.447  ,4.0093  ,30.58,10.00  ,46.54,8.7704  
26,6,14.770  ,0.2279  ,20.64,0.62  ,19.73,0.5619  
27,7,14.760  ,0.2420  ,21.02,0.65  ,20.28,0.5924  
28,8,14.753  ,0.2712  ,23.72,0.73  ,21.08,0.6560  
29,9,14.750  ,0.2806  ,23.44,0.75  ,21.37,0.6763  
30,10,14.760  ,0.2628  ,22.57,0.71  ,20.12,0.6375  
31,11,14.573  ,1.6944  ,16.03,4.37  ,25.87,3.7452  
32,12,14.570  ,1.7853  ,18.92,4.60  ,29.83,3.9426  
33,13,14.557  ,1.8233  ,20.29,4.70  ,31.79,4.0252  
34,14,14.547  ,2.0601  ,18.45,5.29  ,29.61,4.5390  
35,15,14.560  ,1.7437  ,17.90,4.50  ,28.60,3.8524  
36,16,14.740  ,0.2736  ,1.44,0.76  ,2.84,0.6610  
37,17,14.727  ,0.2510  ,1.24,0.70  ,2.47,0.6121  
38,18,14.753  ,0.2354  ,1.34,0.65  ,2.63,0.5783  
39,19,14.747  ,0.2853  ,1.78,0.79  ,3.39,0.6864  
40,20,14.743  ,0.2805  ,1.68,0.77  ,3.20,0.6759  
41,21,15.010  ,0.0041  ,13.50,0.01  ,12.14,0.0761  
42,C-5x,13.817  ,44.0571  ,17.12,81.66  ,16.96,95.7043  
43,MQ Blank 1,15.120  ,0.0008  ,4.87,0.00  ,7.02,0.0689  
44,22,14.407  ,5.0996  ,29.56,12.52  ,45.45,11.1370  
45,23,14.407  ,5.2993  ,29.86,12.98  ,45.64,11.5705  
46,24,14.410  ,5.1471  ,28.97,12.65  ,44.64,11.2403  
47,25,14.390  ,5.2165  ,29.85,12.80  ,45.74,11.3908  
48,26,14.407  ,5.1375  ,29.34,12.63  ,45.11,11.2193  
49,27,14.763  ,0.2387  ,19.72,0.65  ,19.00,0.5854  
50,28,14.767  ,0.2226  ,19.07,0.60  ,18.45,0.5503  
51,29,14.750  ,0.2716  ,20.68,0.73  ,20.08,0.6568  
52,30,14.743  ,0.3011  ,23.26,0.81  ,22.08,0.7207  
53,31,14.750  ,0.2935  ,22.91,0.79  ,22.19,0.7042  
54,32,14.473  ,3.3737  ,17.36,8.50  ,28.10,7.3905  
55,33,14.497  ,2.9167  ,16.30,7.41  ,26.49,6.3986  
56,34,14.480  ,3.2054  ,16.92,8.12  ,27.47,7.0254  
57,35,14.490  ,3.0379  ,11.33,7.73  ,20.83,6.6617  
58,36,14.493  ,2.9731  ,13.22,7.57  ,23.13,6.5210  
59,37,14.720  ,0.3723  ,1.50,1.02  ,2.98,0.8754  
60,IV 10x Cation Std,14.417  ,4.3361  ,7.28,10.83  ,5.92,9.4797  
61,38,14.720  ,0.3754  ,1.43,1.02  ,2.90,0.8821  
62,39,14.703  ,0.3845  ,1.55,1.05  ,3.05,0.9018  
63,40,14.737  ,0.3268  ,1.27,0.89  ,2.53,0.7765  
64,41,14.737  ,0.3103  ,1.06,0.85  ,2.20,0.7406  
65,42,14.983  ,0.0088  ,11.39,0.02  ,10.50,0.0863  
66,C-400x,14.687  ,0.5075  ,15.22,1.35  ,16.25,1.1688  
67,MQ Blank 2,15.130  ,0.0007  ,4.55,0.00  ,7.21,0.0687  
68,43,14.393  ,5.7042  ,28.80,13.89  ,44.43,12.4496  
69,44,14.400  ,5.3743  ,27.72,13.17  ,43.26,11.7335  
70,45,14.403  ,5.3686  ,29.00,13.15  ,44.55,11.7210  
71,46,14.447  ,3.6371  ,29.14,9.12  ,45.09,7.9624  
72,47,14.460  ,3.6885  ,26.99,9.25  ,42.74,8.0740  
73,48,14.733  ,0.2849  ,20.38,0.77  ,19.75,0.6856  
74,49,14.730  ,0.2917  ,21.05,0.78  ,21.71,0.7003  
75,50,14.750  ,0.2562  ,19.89,0.67  ,18.59,0.6233  
76,51,14.740  ,0.2673  ,20.35,0.72  ,20.13,0.6475  
77,52,14.757  ,0.2644  ,20.42,0.71  ,19.99,0.6411  
78,53,14.477  ,3.2992  ,14.86,8.34  ,24.62,7.2289  
79,54,14.493  ,2.8641  ,14.55,7.30  ,23.90,6.2845  
80,55,14.473  ,3.4044  ,16.31,8.60  ,26.92,7.4573  
81,56,14.497  ,2.9175  ,15.83,7.43  ,25.56,6.4004  
82,57,14.563  ,1.8167  ,12.99,4.70  ,22.46,4.0108  
83,58,14.690  ,0.4426  ,1.47,1.21  ,3.03,1.0280  
84,59,14.707  ,0.3982  ,1.33,1.09  ,2.77,0.9315  
85,60,14.720  ,0.3378  ,1.28,0.93  ,2.68,0.8005  
86,61,14.703  ,0.4065  ,1.41,1.11  ,2.90,0.9496  
87,62,14.703  ,0.4036  ,1.49,1.10  ,3.01,0.9433  
88,63,15.023  ,0.0038  ,7.36,0.01  ,8.46,0.0754  
89,C-200x,14.617  ,1.1848  ,15.55,3.07  ,16.90,2.6390  
90,MQ Blank 3,15.137  ,0.0006  ,3.61,0.00  ,6.07,0.0684  
91,64,14.373  ,6.1100  ,22.67,14.84  ,36.59,13.3305  
92,65,14.373  ,6.1189  ,23.33,14.87  ,37.33,13.3499  
93,66,14.383  ,6.0315  ,24.50,14.68  ,38.92,13.1600  
94,67,14.370  ,6.2046  ,22.36,15.09  ,36.45,13.5357  
95,68,14.377  ,5.8734  ,22.85,14.33  ,37.36,12.8169  
96,69,14.750  ,0.3329  ,15.22,0.89  ,18.03,0.7897  
97,70,14.740  ,0.3238  ,14.54,0.87  ,17.52,0.7701  
98,71,14.727  ,0.3711  ,16.38,0.99  ,19.43,0.8727  
99,72,14.733  ,0.3384  ,16.65,0.90  ,19.41,0.8017  
100,73,14.737  ,0.3266  ,15.74,0.88  ,18.34,0.7762  
101,74,14.430  ,4.2931  ,11.44,10.75  ,21.34,9.3865  
102,75,14.417  ,4.4968  ,8.68,11.29  ,16.94,9.8286  
103,76,14.420  ,4.7168  ,15.33,11.72  ,25.85,10.3061  
104,77,14.377  ,6.2552  ,19.69,15.23  ,32.48,13.6457  
105,78,14.430  ,4.3527  ,12.74,10.90  ,22.59,9.5159  
106,79,14.733  ,0.2927  ,1.09,0.80  ,2.20,0.7026  
107,80,14.690  ,0.4928  ,1.64,1.34  ,3.33,1.1369  
108,81,14.703  ,0.4218  ,1.25,1.15  ,2.64,0.9827  
109,82,14.687  ,0.5008  ,1.83,1.36  ,3.63,1.1543  
110,83,14.710  ,0.3956  ,1.63,1.08  ,3.28,0.9260  
111,84,15.090  ,0.0013  ,2.78,0.00  ,4.65,0.0700  
112,C-800x,14.753  ,0.2446  ,14.93,0.66  ,15.74,0.5981  
113,MQ Blank 4,15.117  ,0.0006  ,4.04,0.00  ,6.79,0.0684  
114,SB 1,14.937  ,0.0186  ,20.72,0.05  ,16.00,0.1076  
115,SB 2,15.133  ,0.0006  ,5.88,0.00  ,11.02,0.0685  
116,SB 3,15.110  ,0.0005  ,3.89,0.00  ,3.26,0.0683  
117,SB 4,15.153  ,0.0006  ,7.35,0.00  ,9.78,0.0685  
118,IV 10x Cation Std,14.427  ,4.3604  ,7.29,10.83  ,5.93,9.5325  
,Sum:,1710.777  ,360.027  ,1742.155  ,822.882  ,2335.825  ,789.388  
,Average:,14.622  ,3.077  ,14.890  ,7.033  ,19.964  ,6.747  
,Rel.Std.Dev:,1.714 %,208.551 %,61.501 %,176.976 %,68.990 %,206.475 %
,,,,,,,
No. ,Name ,Time ,Area ,Rel.Area ,Height ,Rel.Height ,Amount 
,,min,µS*min,%,µS,%,mg/l
,,CD_1,CD_1,CD_1,CD_1,CD_1,CD_1
,,Magnesium,Magnesium,Magnesium,Magnesium,Magnesium,Magnesium
1,DI Water,n.a.,n.a.,n.a.,n.a.,n.a.,n.a.
2,!00x Cation Std,17.030  ,3.3120  ,24.04,4.72  ,14.62,2.4332  
3,DI water,n.a.,n.a.,n.a.,n.a.,n.a.,n.a.
4,1600x,17.087  ,0.1528  ,20.46,0.24  ,11.71,0.1489  
5,800x,17.090  ,0.3491  ,22.05,0.53  ,12.78,0.2909  
6,400x,17.070  ,0.7532  ,22.78,1.10  ,13.41,0.5831  
7,200x,17.070  ,1.7802  ,23.67,2.55  ,14.21,1.3257  
8,20x,16.760  ,17.2275  ,24.95,23.54  ,15.65,12.4952  
9,5x,16.113  ,65.2505  ,25.37,72.62  ,15.11,47.2192  
10,!00x Cation Std,17.033  ,3.3119  ,24.15,4.73  ,14.66,2.4332  
11,DI water,17.080  ,0.0015  ,12.61,0.00  ,8.15,0.0395  
12,!00x Cation Std,17.023  ,3.3223  ,24.15,4.74  ,14.65,2.4407  
13,!00x Cation Std,16.517  ,32.9202  ,25.17,42.16  ,15.68,23.8421  
14,062,17.010  ,4.1750  ,19.20,6.06  ,19.92,3.0573  
15,055,16.930  ,8.1301  ,25.29,11.48  ,23.01,5.9171  
16,043,17.070  ,2.1064  ,20.08,3.00  ,17.81,1.5616  
17,100x Cation Std,17.037  ,3.3153  ,24.06,4.73  ,14.60,2.4356  
18,10x Cation Std,16.523  ,32.9202  ,25.16,42.21  ,15.66,23.8421  
19,IV 10x Cation Std,16.830  ,13.1352  ,22.07,18.69  ,10.21,9.5361  
20,IV 10x Cation Std,16.833  ,13.1444  ,22.05,18.76  ,10.20,9.5428  
21,1,17.060  ,2.5730  ,16.85,3.66  ,15.82,1.8990  
22,2,17.047  ,2.5419  ,20.02,3.58  ,16.82,1.8764  
23,3,17.030  ,2.4819  ,20.44,3.51  ,17.60,1.8331  
24,4,17.053  ,2.6355  ,19.58,3.70  ,16.47,1.9441  
25,5,17.047  ,2.6299  ,20.06,3.72  ,17.30,1.9400  
26,6,17.103  ,0.1381  ,12.51,0.21  ,6.68,0.1383  
27,7,17.107  ,0.1517  ,13.18,0.23  ,7.08,0.1482  
28,8,17.093  ,0.1190  ,10.41,0.18  ,5.14,0.1245  
29,9,17.103  ,0.1349  ,11.26,0.20  ,5.71,0.1360  
30,10,17.103  ,0.1229  ,10.55,0.18  ,5.23,0.1273  
31,11,17.057  ,2.3804  ,22.53,3.42  ,20.21,1.7597  
32,12,17.073  ,2.1844  ,23.15,3.14  ,20.34,1.6179  
33,13,17.060  ,1.9926  ,22.17,2.86  ,19.38,1.4792  
34,14,17.057  ,2.3944  ,21.44,3.44  ,19.25,1.7698  
35,15,17.060  ,2.2328  ,22.92,3.21  ,20.39,1.6529  
36,16,17.027  ,3.8607  ,20.31,5.60  ,21.06,2.8300  
37,17,17.000  ,4.1459  ,20.50,6.02  ,21.32,3.0363  
38,18,17.020  ,3.6690  ,20.83,5.33  ,21.41,2.6914  
39,19,17.050  ,3.3349  ,20.83,4.85  ,20.89,2.4498  
40,20,17.030  ,3.5054  ,20.98,5.09  ,21.08,2.5731  
41,21,17.067  ,0.0017  ,5.41,0.00  ,2.93,0.0397  
42,C-5x,16.133  ,65.2340  ,25.35,72.63  ,15.09,47.2073  
43,MQ Blank 1,17.077  ,0.0042  ,25.14,0.01  ,22.27,0.0415  
44,22,17.033  ,3.4216  ,19.83,4.80  ,17.42,2.5125  
45,23,17.047  ,3.5854  ,20.21,5.05  ,17.77,2.6310  
46,24,17.037  ,3.5902  ,20.21,5.07  ,17.90,2.6344  
47,25,17.023  ,3.4976  ,20.01,4.93  ,17.59,2.5675  
48,26,17.033  ,3.4920  ,19.95,4.93  ,17.60,2.5634  
49,27,17.097  ,0.1591  ,13.14,0.24  ,7.10,0.1535  
50,28,17.097  ,0.1630  ,13.97,0.25  ,7.52,0.1563  
51,29,17.093  ,0.1750  ,13.32,0.26  ,7.19,0.1650  
52,30,17.113  ,0.1656  ,12.79,0.25  ,6.79,0.1582  
53,31,17.117  ,0.1687  ,13.17,0.25  ,7.11,0.1605  
54,32,17.017  ,4.8552  ,24.99,6.90  ,22.78,3.5491  
55,33,17.027  ,4.3654  ,24.40,6.23  ,22.28,3.1950  
56,34,17.007  ,4.5550  ,24.04,6.50  ,21.98,3.3320  
57,35,16.980  ,6.1079  ,22.78,8.74  ,23.55,4.4549  
58,36,16.987  ,5.3117  ,23.61,7.61  ,23.24,3.8792  
59,37,16.993  ,5.2873  ,21.36,7.65  ,22.30,3.8615  
60,IV 10x Cation Std,16.820  ,13.1241  ,22.05,18.68  ,10.22,9.5281  
61,38,17.010  ,5.1201  ,19.52,7.41  ,21.05,3.7407  
62,39,16.987  ,5.2110  ,21.05,7.52  ,21.95,3.8064  
63,40,17.000  ,5.3876  ,20.94,7.80  ,22.12,3.9340  
64,41,16.987  ,5.9439  ,20.35,8.61  ,22.31,4.3363  
65,42,17.083  ,0.0020  ,2.52,0.00  ,1.40,0.0399  
66,C-400x,17.087  ,0.7620  ,22.85,1.12  ,13.46,0.5894  
67,MQ Blank 2,17.097  ,0.0033  ,21.01,0.00  ,19.56,0.0408  
68,43,17.033  ,4.0360  ,20.38,5.65  ,18.09,2.9568  
69,44,17.027  ,3.9821  ,20.54,5.62  ,18.48,2.9178  
70,45,17.040  ,3.6705  ,19.83,5.18  ,17.57,2.6925  
71,46,17.043  ,2.5574  ,20.49,3.62  ,17.93,1.8877  
72,47,17.043  ,2.7391  ,20.04,3.88  ,17.95,2.0191  
73,48,17.087  ,0.1623  ,11.61,0.24  ,6.23,0.1558  
74,49,17.083  ,0.1955  ,14.11,0.29  ,8.10,0.1798  
75,50,17.097  ,0.1556  ,12.08,0.24  ,6.80,0.1510  
76,51,17.097  ,0.1799  ,13.70,0.27  ,7.56,0.1686  
77,52,17.110  ,0.1724  ,13.31,0.26  ,7.30,0.1631  
78,53,16.990  ,5.6764  ,25.56,8.07  ,23.83,4.1429  
79,54,17.003  ,4.9488  ,25.13,7.07  ,23.14,3.6168  
80,55,17.010  ,5.3633  ,25.70,7.64  ,23.89,3.9165  
81,56,17.017  ,4.5978  ,24.95,6.57  ,22.61,3.3630  
82,57,17.050  ,3.4198  ,24.46,4.91  ,23.51,2.5112  
83,58,16.977  ,6.1984  ,20.61,8.96  ,22.45,4.5203  
84,59,16.987  ,6.1811  ,20.68,8.94  ,22.70,4.5078  
85,60,17.003  ,5.1031  ,19.37,7.40  ,21.35,3.7284  
86,61,16.973  ,5.8777  ,20.41,8.50  ,22.18,4.2884  
87,62,16.990  ,5.6437  ,20.88,8.15  ,22.25,4.1192  
88,63,17.103  ,0.0038  ,7.45,0.01  ,5.09,0.0412  
89,C-200x,17.090  ,1.7957  ,23.57,2.57  ,14.14,1.3369  
90,MQ Blank 3,17.083  ,0.0040  ,24.52,0.01  ,23.70,0.0414  
91,64,17.000  ,5.7592  ,21.37,8.04  ,19.83,4.2028  
92,65,16.997  ,5.4429  ,20.75,7.64  ,19.17,3.9741  
93,66,17.013  ,5.0965  ,20.70,7.18  ,19.02,3.7236  
94,67,16.977  ,5.8144  ,20.96,8.30  ,20.04,4.2427  
95,68,16.993  ,5.3865  ,20.96,7.67  ,20.01,3.9333  
96,69,17.123  ,0.4321  ,19.76,0.64  ,12.98,0.3509  
97,70,17.117  ,0.4642  ,20.84,0.68  ,13.74,0.3741  
98,71,17.113  ,0.4604  ,20.33,0.67  ,13.21,0.3713  
99,72,17.097  ,0.4012  ,19.74,0.59  ,12.71,0.3286  
100,73,17.103  ,0.4104  ,19.78,0.61  ,12.82,0.3352  
101,74,16.907  ,9.3194  ,24.83,13.20  ,26.21,6.7771  
102,75,16.830  ,14.3059  ,27.61,19.87  ,29.82,10.3826  
103,76,16.953  ,7.9963  ,25.99,11.35  ,25.02,5.8204  
104,77,16.963  ,7.2380  ,22.78,10.24  ,21.85,5.2721  
105,78,16.927  ,8.8069  ,25.78,12.51  ,25.94,6.4065  
106,79,16.993  ,5.6245  ,21.02,8.13  ,22.35,4.1053  
107,80,16.973  ,6.3257  ,21.02,9.09  ,22.59,4.6124  
108,81,16.973  ,6.8980  ,20.43,9.97  ,22.84,5.0262  
109,82,16.983  ,5.6510  ,20.68,8.16  ,21.83,4.1245  
110,83,17.013  ,4.6728  ,19.30,6.76  ,20.61,3.4173  
111,84,17.073  ,0.0041  ,8.82,0.01  ,8.70,0.0414  
112,C-800x,17.097  ,0.3544  ,21.64,0.53  ,12.77,0.2947  
113,MQ Blank 4,17.077  ,0.0031  ,22.64,0.00  ,21.81,0.0407  
114,SB 1,17.097  ,0.0041  ,4.51,0.01  ,2.08,0.0414  
115,SB 2,n.a.,n.a.,n.a.,n.a.,n.a.,n.a.
116,SB 3,17.113  ,0.0007  ,5.38,0.00  ,2.70,0.0390  
117,SB 4,17.073  ,0.0005  ,6.33,0.00  ,6.26,0.0389  
118,IV 10x Cation Std,16.830  ,13.1378  ,21.98,18.71  ,10.24,9.5381  
,Sum:,1955.680  ,590.907  ,2267.077  ,792.066  ,1877.711  ,431.691  
,Average:,17.006  ,5.138  ,19.714  ,6.888  ,16.328  ,3.754  
,Rel.Std.Dev:,0.895 %,185.822 %,26.503 %,161.939 %,39.344 %,183.918 %
,,,,,,,
No. ,Name ,Time ,Area ,Rel.Area ,Height ,Rel.Height ,Amount 
,,min,µS*min,%,µS,%,mg/l
,,CD_1,CD_1,CD_1,CD_1,CD_1,CD_1
,,Calcium,Calcium,Calcium,Calcium,Calcium,Calcium
1,DI Water,23.480  ,0.0051  ,47.98,0.01  ,22.28,0.0502  
2,!00x Cation Std,23.263  ,4.0503  ,29.40,4.43  ,13.71,4.8550  
3,DI water,23.463  ,0.0043  ,96.24,0.01  ,85.87,0.0492  
4,1600x,23.460  ,0.2233  ,29.89,0.26  ,13.03,0.3093  
5,800x,23.453  ,0.4560  ,28.80,0.53  ,12.74,0.5857  
6,400x,23.410  ,0.9522  ,28.79,1.08  ,13.12,1.1751  
7,200x,23.353  ,2.1730  ,28.89,2.40  ,13.36,2.6251  
8,20x,22.657  ,21.0040  ,30.41,20.45  ,13.60,24.9923  
9,5x,21.497  ,80.4905  ,31.29,55.72  ,11.59,95.6490  
10,!00x Cation Std,23.273  ,4.0491  ,29.52,4.43  ,13.73,4.8536  
11,DI water,23.493  ,0.0049  ,41.83,0.01  ,19.70,0.0499  
12,!00x Cation Std,23.263  ,4.0241  ,29.26,4.41  ,13.65,4.8239  
13,!00x Cation Std,22.193  ,40.3560  ,30.86,33.95  ,12.63,47.9781  
14,062,22.830  ,15.4971  ,71.26,15.78  ,51.89,18.4512  
15,055,22.810  ,16.2592  ,50.58,16.44  ,32.96,19.3565  
16,043,23.233  ,5.3234  ,50.74,5.79  ,34.33,6.3672  
17,100x Cation Std,23.277  ,4.0470  ,29.37,4.44  ,13.71,4.8511  
18,10x Cation Std,22.207  ,40.3805  ,30.86,33.93  ,12.59,48.0072  
19,IV 10x Cation Std,23.110  ,8.0877  ,13.59,8.67  ,4.73,9.6506  
20,IV 10x Cation Std,23.103  ,8.1092  ,13.60,8.71  ,4.73,9.6760  
21,1,21.817  ,0.8530  ,5.58,0.92  ,3.98,1.0573  
22,2,23.210  ,5.6882  ,44.79,6.17  ,28.95,6.8005  
23,3,23.187  ,5.7483  ,47.34,6.24  ,31.31,6.8719  
24,4,23.200  ,6.0998  ,45.31,6.62  ,29.42,7.2893  
25,5,23.183  ,6.2605  ,47.74,6.78  ,31.56,7.4802  
26,6,23.477  ,0.3029  ,27.44,0.35  ,11.33,0.4039  
27,7,23.473  ,0.3125  ,27.14,0.36  ,11.36,0.4153  
28,8,23.467  ,0.2454  ,21.46,0.29  ,8.38,0.3356  
29,9,23.473  ,0.2735  ,22.84,0.32  ,9.10,0.3690  
30,10,23.477  ,0.2504  ,21.51,0.30  ,8.41,0.3416  
31,11,23.193  ,5.8849  ,55.69,6.40  ,37.88,7.0340  
32,12,23.250  ,4.9647  ,52.61,5.42  ,35.13,5.9411  
33,13,23.253  ,4.7147  ,52.46,5.15  ,34.84,5.6441  
34,14,23.183  ,6.1745  ,55.29,6.71  ,37.56,7.3781  
35,15,23.230  ,5.2574  ,53.96,5.73  ,36.43,6.2887  
36,16,22.920  ,13.4401  ,70.71,13.88  ,52.21,16.0080  
37,17,22.863  ,14.2944  ,70.68,14.69  ,52.03,17.0227  
38,18,22.937  ,12.3449  ,70.10,12.87  ,51.65,14.7072  
39,19,23.007  ,11.0540  ,69.03,11.63  ,50.09,13.1738  
40,20,22.973  ,11.5303  ,69.01,12.10  ,50.09,13.7396  
41,21,23.513  ,0.0125  ,41.08,0.01  ,16.88,0.0590  
42,C-5x,21.530  ,80.4446  ,31.26,55.55  ,11.54,95.5944  
43,MQ Blank 1,23.483  ,0.0096  ,57.17,0.01  ,37.72,0.0555  
44,22,23.097  ,8.4725  ,49.11,9.04  ,32.84,10.1076  
45,23,21.127  ,0.0052  ,0.03,0.01  ,0.02,0.0503  
46,24,20.730  ,0.0051  ,0.03,0.01  ,0.03,0.0502  
47,25,23.087  ,8.5038  ,48.66,9.08  ,32.42,10.1447  
48,26,21.067  ,0.0049  ,0.03,0.01  ,0.02,0.0500  
49,27,23.457  ,0.3405  ,28.13,0.40  ,11.67,0.4486  
50,28,23.470  ,0.3231  ,27.68,0.38  ,11.61,0.4279  
51,29,23.467  ,0.3683  ,28.04,0.43  ,11.78,0.4816  
52,30,23.480  ,0.3296  ,25.47,0.39  ,10.54,0.4356  
53,31,23.487  ,0.3463  ,27.04,0.41  ,11.44,0.4555  
54,32,23.027  ,10.3097  ,53.06,10.91  ,36.04,12.2898  
55,33,23.050  ,9.7094  ,54.27,10.32  ,36.89,11.5767  
56,34,23.027  ,10.2749  ,54.23,10.87  ,36.77,12.2484  
57,35,22.787  ,16.8465  ,62.83,16.97  ,45.72,20.0540  
58,36,22.903  ,13.3875  ,59.51,13.87  ,42.37,15.9455  
59,37,22.777  ,17.2162  ,69.55,17.31  ,50.48,20.4931  
60,IV 10x Cation Std,23.090  ,8.1215  ,13.64,8.70  ,4.76,9.6906  
61,38,21.767  ,0.6019  ,2.29,0.84  ,2.40,0.7590  
62,39,22.770  ,17.2642  ,69.73,17.33  ,50.57,20.5501  
63,40,22.753  ,18.0736  ,70.25,18.02  ,51.06,21.5116  
64,41,22.673  ,20.9771  ,71.83,20.42  ,52.92,24.9602  
65,42,23.487  ,0.0337  ,43.41,0.04  ,18.09,0.0842  
66,C-400x,23.417  ,1.0051  ,30.14,1.14  ,13.72,1.2379  
67,MQ Blank 2,23.500  ,0.0102  ,65.57,0.01  ,47.67,0.0563  
68,43,23.057  ,9.7731  ,49.34,10.37  ,33.17,11.6523  
69,44,23.043  ,9.7445  ,50.27,10.34  ,33.96,11.6184  
70,45,21.077  ,0.0049  ,0.03,0.01  ,0.02,0.0499  
71,46,23.173  ,6.1000  ,48.88,6.62  ,32.76,7.2896  
72,47,23.150  ,7.0459  ,51.55,7.60  ,35.14,8.4130  
73,48,23.450  ,0.4064  ,29.07,0.47  ,12.20,0.5268  
74,49,23.440  ,0.4363  ,31.49,0.51  ,14.00,0.5623  
75,50,23.463  ,0.3664  ,28.43,0.43  ,11.97,0.4793  
76,51,23.457  ,0.3856  ,29.36,0.45  ,12.62,0.5021  
77,52,23.483  ,0.3682  ,28.43,0.43  ,12.04,0.4815  
78,53,22.947  ,12.1583  ,54.76,12.71  ,37.52,14.4855  
79,54,23.013  ,10.8077  ,54.89,11.41  ,37.34,12.8813  
80,55,23.003  ,11.2264  ,53.80,11.82  ,36.99,13.3786  
81,56,23.037  ,9.9046  ,53.75,10.52  ,36.21,11.8086  
82,57,23.113  ,8.1937  ,58.60,8.80  ,42.08,9.7764  
83,58,20.780  ,0.0026  ,0.01,0.01  ,0.01,0.0472  
84,59,22.673  ,21.3638  ,71.48,20.71  ,52.59,25.4196  
85,60,22.723  ,19.2549  ,73.10,19.01  ,54.86,22.9146  
86,61,22.683  ,20.5538  ,71.38,20.05  ,52.30,24.4574  
87,62,22.737  ,19.0676  ,70.53,18.88  ,51.52,22.6922  
88,63,23.510  ,0.0307  ,59.84,0.04  ,31.04,0.0806  
89,C-200x,23.393  ,2.2517  ,29.56,2.50  ,13.75,2.7186  
90,MQ Blank 3,23.510  ,0.0104  ,63.71,0.01  ,48.10,0.0565  
91,64,20.533  ,0.0100  ,0.04,0.01  ,0.03,0.0561  
92,65,20.543  ,0.0055  ,0.02,0.01  ,0.02,0.0506  
93,66,20.630  ,0.0048  ,0.02,0.01  ,0.02,0.0499  
94,67,20.980  ,0.0057  ,0.02,0.01  ,0.02,0.0510  
95,68,20.600  ,0.0056  ,0.02,0.01  ,0.02,0.0507  
96,69,23.467  ,0.8663  ,39.62,0.98  ,19.81,1.0730  
97,70,23.467  ,0.8936  ,40.13,1.01  ,20.52,1.1055  
98,71,23.453  ,0.8734  ,38.56,0.99  ,19.47,1.0815  
99,72,23.450  ,0.7673  ,37.75,0.87  ,18.74,0.9555  
100,73,23.443  ,0.7938  ,38.25,0.91  ,18.97,0.9869  
101,74,22.620  ,22.8856  ,60.98,21.89  ,43.47,27.2271  
102,75,22.427  ,31.0884  ,59.99,27.86  ,41.81,36.9702  
103,76,22.803  ,16.8151  ,54.66,16.93  ,37.33,20.0167  
104,77,22.793  ,17.3755  ,54.68,17.43  ,37.17,20.6824  
105,78,22.710  ,19.7486  ,57.80,19.41  ,40.22,23.5010  
106,79,22.737  ,18.8714  ,70.52,18.69  ,51.41,22.4592  
107,80,22.680  ,21.1331  ,70.22,20.50  ,50.97,25.1456  
108,81,22.590  ,24.2831  ,71.92,23.01  ,52.70,28.8870  
109,82,22.720  ,19.1417  ,70.04,18.90  ,50.55,22.7802  
110,83,22.780  ,17.4455  ,72.04,17.49  ,53.30,20.7655  
111,84,23.493  ,0.0366  ,78.66,0.04  ,57.13,0.0876  
112,C-800x,23.457  ,0.5076  ,31.00,0.58  ,13.88,0.6471  
113,MQ Blank 4,23.510  ,0.0090  ,65.08,0.01  ,49.44,0.0548  
114,SB 1,23.497  ,0.0205  ,22.80,0.02  ,8.04,0.0685  
115,SB 2,23.510  ,0.0096  ,91.36,0.01  ,78.55,0.0556  
116,SB 3,23.510  ,0.0060  ,44.40,0.01  ,17.11,0.0513  
117,SB 4,23.517  ,0.0062  ,71.13,0.01  ,46.14,0.0514  
118,IV 10x Cation Std,23.110  ,8.1369  ,13.61,8.68  ,4.75,9.7089  
,Sum:,2702.570  ,1005.393  ,5075.516  ,956.773  ,3227.414  ,1199.389  
,Average:,22.903  ,8.520  ,43.013  ,8.108  ,27.351  ,10.164  
,Rel.Std.Dev:,3.336 %,150.721 %,52.617 %,126.486 %,69.262 %,150.067 %